,Unnamed: 0,player_id,start_time,player_team_id,home_team_id,ground_id,international_class_id,floodlit,neutral_match,international_valid,followon,rain_rule,days_extended,actual_days,position_id,style_id,height,weight,current_age_in_days,batting_order,opponent_team_id,target_value,target_id,is_home,current_age
22274,0,372116,2022-06-12 13:30:00,3,6,442,3.0,3,0,1,0,0,0,1,5,2,0.0,0.0,11714,1,6,35.0,1,False,32.09315068493151
22275,2,372116,2022-10-02 13:30:00,3,6,2865,3.0,3,0,1,0,0,0,1,5,2,0.0,0.0,11826,1,6,0.0,1,False,32.4
22276,3,372116,2022-06-14 13:30:00,3,6,1896,3.0,3,0,1,0,0,0,1,5,2,0.0,0.0,11716,1,6,8.0,1,False,32.0986301369863
22277,4,372116,2021-10-30 10:00:00,3,0,848,3.0,1,1,1,0,0,0,1,5,2,0.0,0.0,11489,4,8,46.0,1,False,31.476712328767125
22278,5,372116,2020-02-14 16:00:00,3,3,302,3.0,3,0,1,0,0,0,1,5,2,0.0,0.0,10865,1,1,31.0,1,True,29.767123287671232
22279,6,372116,2022-11-03 08:00:00,3,0,132,3.0,3,1,1,0,9,0,1,5,2,0.0,0.0,11858,1,7,36.0,1,False,32.487671232876714
22280,7,372116,2021-11-02 10:00:00,3,0,1965,3.0,1,1,1,0,0,0,1,5,2,0.0,0.0,11492,5,25,31.0,1,False,31.484931506849318
22281,8,372116,2021-07-01 18:00:00,3,4,1131,3.0,1,0,1,0,0,0,1,5,2,0.0,0.0,11368,3,4,7.0,1,False,31.145205479452056
22282,9,372116,2019-09-22 13:30:00,3,6,683,3.0,3,0,1,0,0,0,1,5,2,0.0,0.0,10720,3,6,27.0,1,False,29.36986301369863
22283,10,372116,2022-06-09 13:30:00,3,6,333,3.0,3,0,1,0,0,0,1,5,2,0.0,0.0,11711,2,6,10.0,1,False,32.084931506849315
22284,11,372116,2022-11-06 00:00:00,3,0,131,3.0,1,1,1,0,0,0,1,5,2,0.0,0.0,11861,2,15,20.0,1,False,32.49589041095891
22285,12,372116,2022-10-30 11:00:00,3,0,3404,3.0,3,1,1,0,0,0,1,5,2,0.0,0.0,11854,2,6,10.0,1,False,32.47671232876712
22286,13,372116,2022-06-17 13:30:00,3,6,2401,3.0,3,0,1,0,0,0,1,5,2,0.0,0.0,11719,2,6,8.0,1,False,32.106849315068494
22507,875,337790,2022-06-09 13:30:00,3,6,333,3.0,3,0,1,0,0,0,1,7,2,0.0,0.0,12175,4,6,75.0,1,False,33.35616438356164
22508,876,337790,2020-02-26 16:00:00,3,3,174,3.0,3,0,1,0,0,0,1,7,2,0.0,0.0,11341,2,2,24.0,1,True,31.07123287671233
22509,878,337790,2021-11-02 10:00:00,3,0,1965,3.0,1,1,1,0,0,0,1,7,2,0.0,0.0,11956,3,25,22.0,1,False,32.75616438356165
22510,879,337790,2021-07-01 18:00:00,3,4,1131,3.0,1,0,1,0,0,0,1,7,2,0.0,0.0,11832,5,4,6.0,1,False,32.416438356164385
22511,880,337790,2020-02-21 16:00:00,3,3,508,3.0,3,0,1,0,0,0,1,7,2,0.0,0.0,11336,2,2,6.0,1,True,31.057534246575344
22512,882,337790,2022-06-14 13:30:00,3,6,1896,3.0,3,0,1,0,0,0,1,7,2,0.0,0.0,12180,4,6,1.0,1,False,33.36986301369863
22513,883,337790,2019-02-06 16:00:00,3,3,902,3.0,3,0,1,0,0,0,1,7,2,0.0,0.0,10956,3,7,41.0,1,True,30.016438356164382
22514,884,337790,2021-10-30 10:00:00,3,0,848,3.0,1,1,1,0,0,0,1,7,2,0.0,0.0,11953,3,8,16.0,1,False,32.74794520547945
22515,885,337790,2020-02-14 16:00:00,3,3,302,3.0,3,0,1,0,0,0,1,7,2,0.0,0.0,11329,4,1,43.0,1,True,31.03835616438356
22516,886,337790,2019-03-19 16:00:00,3,3,174,3.0,3,0,1,0,0,0,1,7,2,0.0,0.0,10997,4,8,34.0,1,True,30.12876712328767
22517,887,337790,2022-06-17 13:30:00,3,6,2401,3.0,3,0,1,0,0,0,1,7,2,0.0,0.0,12183,4,6,20.0,1,False,33.37808219178082
22518,888,337790,2022-06-12 13:30:00,3,6,442,3.0,3,0,1,0,0,0,1,7,2,0.0,0.0,12178,4,6,1.0,1,False,33.364383561643834
22519,890,337790,2018-10-12 16:00:00,3,3,1367,3.0,3,0,1,0,0,0,1,7,2,0.0,0.0,10839,1,9,13.0,1,True,29.695890410958903
22528,943,550215,2022-11-03 08:00:00,3,0,132,3.0,3,1,1,0,9,0,1,1,0,0.0,0.0,10024,8,7,1.0,1,False,27.46301369863014
22529,946,550215,2020-02-26 16:00:00,3,3,174,3.0,3,0,1,0,0,0,1,1,0,0.0,0.0,9043,8,2,5.0,1,True,24.775342465753425
22530,949,550215,2015-08-16 12:00:00,3,3,902,3.0,1,0,1,0,0,0,1,1,0,0.0,0.0,7388,9,5,5.0,1,True,20.24109589041096
22531,954,550215,2021-07-01 18:00:00,3,4,1131,3.0,1,0,1,0,0,0,1,1,0,0.0,0.0,9534,8,4,16.0,1,False,26.12054794520548
22532,955,550215,2020-02-21 16:00:00,3,3,508,3.0,3,0,1,0,0,0,1,1,0,0.0,0.0,9038,9,2,22.0,1,True,24.76164383561644
22533,960,550215,2022-07-27 17:30:00,3,1,176,3.0,2,0,1,0,0,0,1,1,0,0.0,0.0,9925,8,1,0.0,1,False,27.19178082191781
22534,961,550215,2022-06-14 13:30:00,3,6,1896,3.0,3,0,1,0,0,0,1,1,0,0.0,0.0,9882,8,6,9.0,1,False,27.07397260273973
22535,964,550215,2021-10-30 10:00:00,3,0,848,3.0,1,1,1,0,0,0,1,1,0,0.0,0.0,9655,8,8,13.0,1,False,26.45205479452055
22536,967,550215,2019-03-19 16:00:00,3,3,174,3.0,3,0,1,0,0,0,1,1,0,0.0,0.0,8699,8,8,0.0,1,True,23.832876712328765
22537,969,550215,2022-11-06 00:00:00,3,0,131,3.0,1,1,1,0,0,0,1,1,0,0.0,0.0,10027,9,15,9.0,1,False,27.471232876712328
22538,973,550215,2022-06-12 13:30:00,3,6,442,3.0,3,0,1,0,0,0,1,1,0,0.0,0.0,9880,8,6,0.0,1,False,27.068493150684933
22539,995,267724,2022-07-27 17:30:00,3,1,176,3.0,2,0,1,0,0,0,1,1,2,0.0,0.0,11858,9,1,4.0,1,False,32.487671232876714
22540,996,267724,2022-06-14 13:30:00,3,6,1896,3.0,3,0,1,0,0,0,1,1,2,0.0,0.0,11815,9,6,11.0,1,False,32.36986301369863
22541,999,267724,2022-11-06 00:00:00,3,0,131,3.0,1,1,1,0,0,0,1,1,2,0.0,0.0,11960,8,15,13.0,1,False,32.76712328767123
22542,1003,267724,2022-06-17 13:30:00,3,6,2401,3.0,3,0,1,0,0,0,1,1,2,0.0,0.0,11818,8,6,0.0,1,False,32.37808219178082
23068,2438,1072470,2021-07-18 13:30:00,7,1,179,3.0,1,0,1,0,0,0,1,1,0,0.0,0.0,7773,9,1,2.0,1,False,21.295890410958904
23069,2448,1072470,2022-10-27 11:00:00,7,0,3404,3.0,3,1,1,0,0,0,1,1,0,0.0,0.0,8239,9,9,1.0,1,False,22.572602739726022
23070,2478,681305,2021-02-14 13:00:00,7,7,545,3.0,3,0,1,0,0,0,1,1,2,0.0,0.0,9724,8,3,20.0,1,True,26.64109589041096
23071,2492,681305,2017-10-27 16:00:00,7,0,1965,3.0,3,1,1,0,0,0,1,1,2,0.0,0.0,8518,10,8,3.0,1,False,23.336986301369866
23072,2506,681305,2021-04-16 12:30:00,7,3,902,3.0,1,0,1,0,0,0,1,1,2,0.0,0.0,9785,9,3,2.0,1,False,26.80821917808219
23073,2507,681305,2021-04-10 12:30:00,7,3,508,3.0,1,0,1,0,0,0,1,1,2,0.0,0.0,9779,8,3,9.0,1,False,26.791780821917808
23074,2508,681305,2019-02-01 16:00:00,7,3,174,3.0,3,0,1,0,0,0,1,1,2,0.0,0.0,8980,9,3,11.0,1,False,24.6027397260274
23075,2513,681305,2019-02-03 12:30:00,7,3,508,3.0,1,0,1,0,0,0,1,1,2,0.0,0.0,8982,7,3,1.0,1,False,24.60821917808219
23076,2524,1161606,2022-09-23 14:30:00,7,7,487,3.0,3,0,1,0,0,0,1,1,2,5.11,0.0,10547,9,1,4.0,1,True,28.895890410958906
23077,2525,1161606,2022-09-07 14:00:00,7,0,848,3.0,3,1,1,0,0,0,1,1,2,5.11,0.0,10531,9,40,0.0,1,False,28.852054794520548
23078,2532,1161606,2021-04-23 09:00:00,7,9,260,3.0,1,0,1,0,0,0,1,1,2,5.11,0.0,10029,9,9,6.0,1,False,27.476712328767125
23079,2533,1161606,2021-07-18 13:30:00,7,1,179,3.0,1,0,1,0,0,0,1,1,2,5.11,0.0,10115,10,1,0.0,1,False,27.71232876712329
23080,2544,1161606,2022-09-11 14:00:00,7,0,2439,3.0,3,1,1,0,0,0,1,1,2,5.11,0.0,10535,9,8,13.0,1,False,28.863013698630137
23081,2557,1161606,2022-10-02 14:30:00,7,7,545,3.0,3,0,1,0,0,0,1,1,2,5.11,0.0,10556,9,1,1.0,1,True,28.92054794520548
24171,6375,600498,2022-10-02 13:30:00,3,6,2865,3.0,3,0,1,0,0,0,1,6,2,0.0,0.0,10225,4,6,33.0,1,False,28.013698630136982
24172,6376,600498,2021-10-30 10:00:00,3,0,848,3.0,1,1,1,0,0,0,1,6,2,0.0,0.0,9888,5,8,19.0,1,False,27.09041095890411
24173,6378,600498,2021-04-12 12:30:00,3,3,508,3.0,1,0,1,0,0,0,1,6,2,0.0,0.0,9687,2,7,54.0,1,True,26.53972602739726
24174,6381,600498,2022-11-03 08:00:00,3,0,132,3.0,3,1,1,0,9,0,1,6,2,0.0,0.0,10257,4,7,20.0,1,False,28.101369863013694
24175,6384,600498,2021-11-02 10:00:00,3,0,1965,3.0,1,1,1,0,0,0,1,6,2,0.0,0.0,9891,4,25,0.0,1,False,27.0986301369863
24176,6385,600498,2021-07-01 18:00:00,3,4,1131,3.0,1,0,1,0,0,0,1,6,2,0.0,0.0,9767,4,4,20.0,1,False,26.75890410958904
24177,6387,600498,2021-09-12 13:30:00,3,8,1004,3.0,3,0,1,0,0,0,1,6,2,0.0,0.0,9840,3,8,21.0,1,False,26.95890410958904
24178,6389,600498,2022-11-06 00:00:00,3,0,131,3.0,1,1,1,0,0,0,1,6,2,0.0,0.0,10260,4,15,17.0,1,False,28.10958904109589
24179,6390,600498,2022-10-30 11:00:00,3,0,3404,3.0,3,1,1,0,0,0,1,6,2,0.0,0.0,10253,4,6,52.0,1,False,28.09041095890411
24259,6624,696401,2022-06-17 13:30:00,3,6,2401,3.0,3,0,1,0,0,0,1,2,2,0.0,0.0,8082,7,6,12.0,1,False,22.14246575342466
26441,13067,512191,2021-12-16 13:00:00,7,7,487,3.0,3,0,1,0,0,0,1,6,0,0.0,0.0,11573,3,4,12.0,1,True,31.70684931506849
26442,13069,512191,2021-11-19 08:00:00,7,25,2025,3.0,1,0,1,0,0,0,1,6,0,0.0,0.0,11546,3,25,34.0,1,False,31.63287671232877
26443,13070,512191,2022-10-30 07:00:00,7,0,3404,3.0,2,1,1,0,0,0,1,6,0,0.0,0.0,11891,3,15,20.0,1,False,32.57808219178082
26444,13071,512191,2022-09-04 14:00:00,7,0,2439,3.0,3,1,1,0,0,0,1,6,0,0.0,0.0,11835,3,6,15.0,1,False,32.42465753424658
26445,13072,512191,2020-11-08 10:30:00,7,7,1001,3.0,2,0,1,0,0,0,1,6,0,0.0,0.0,11170,1,9,5.0,1,True,30.6027397260274
26446,13073,512191,2019-10-09 13:30:00,7,7,545,3.0,3,0,1,0,0,0,1,6,0,0.0,0.0,10774,1,8,0.0,1,True,29.51780821917808
26447,13074,512191,2019-02-03 12:30:00,7,3,508,3.0,1,0,1,0,0,0,1,6,0,0.0,0.0,10526,2,3,14.0,1,False,28.83835616438356
26448,13075,512191,2017-10-26 16:00:00,7,0,1965,3.0,3,1,1,0,0,0,1,6,0,0.0,0.0,10061,1,8,6.0,1,False,27.56438356164384
26449,13077,512191,2021-11-20 08:00:00,7,25,2025,3.0,1,0,1,0,0,0,1,6,0,0.0,0.0,11547,3,25,57.0,1,False,31.635616438356163
26450,13078,512191,2021-10-26 14:00:00,7,0,848,3.0,3,1,1,0,0,0,1,6,0,0.0,0.0,11522,3,5,11.0,1,False,31.567123287671237
26451,13079,512191,2021-04-23 09:00:00,7,9,260,3.0,1,0,1,0,0,0,1,6,0,0.0,0.0,11336,3,9,2.0,1,False,31.057534246575344
26452,13080,512191,2018-11-02 16:00:00,7,0,2439,3.0,3,1,1,0,0,0,1,6,0,0.0,0.0,10433,1,5,24.0,1,False,28.583561643835612
26453,13081,512191,2020-11-10 10:30:00,7,7,1001,3.0,2,0,1,0,0,0,1,6,0,0.0,0.0,11172,1,9,21.0,1,True,30.60821917808219
26454,13082,512191,2017-10-27 16:00:00,7,0,1965,3.0,3,1,1,0,0,0,1,6,0,0.0,0.0,10062,2,8,11.0,1,False,27.567123287671237
26455,13083,512191,2018-04-03 14:30:00,7,7,487,3.0,1,0,1,0,0,0,1,6,0,0.0,0.0,10220,1,4,40.0,1,True,28.0
26456,13084,512191,2021-04-16 12:30:00,7,3,902,3.0,1,0,1,0,0,0,1,6,0,0.0,0.0,11329,3,3,60.0,1,False,31.03835616438356
26457,13085,512191,2021-04-10 12:30:00,7,3,508,3.0,1,0,1,0,0,0,1,6,0,0.0,0.0,11323,3,3,27.0,1,False,31.02191780821918
26458,13086,512191,2019-02-01 16:00:00,7,3,174,3.0,3,0,1,0,0,0,1,6,0,0.0,0.0,10524,1,3,4.0,1,False,28.832876712328765
26459,13087,512191,2018-07-04 08:00:00,7,9,260,3.0,1,0,1,0,0,0,1,6,0,0.0,0.0,10312,1,9,47.0,1,False,28.252054794520543
26460,13088,512191,2022-09-11 14:00:00,7,0,2439,3.0,3,1,1,0,0,0,1,6,0,0.0,0.0,11842,3,8,0.0,1,False,32.44383561643836
26461,13089,512191,2021-10-29 14:00:00,7,0,2439,3.0,3,1,1,0,0,0,1,6,0,0.0,0.0,11525,3,40,30.0,1,False,31.575342465753423
26462,13090,512191,2021-04-14 12:30:00,7,3,902,3.0,1,0,1,0,0,0,1,6,0,0.0,0.0,11327,3,3,8.0,1,False,31.03287671232877
26463,13091,512191,2018-07-08 08:00:00,7,0,260,3.0,1,1,1,0,0,0,1,6,0,0.0,0.0,10316,1,2,91.0,1,False,28.263013698630136
26464,13092,512191,2022-09-07 14:00:00,7,0,848,3.0,3,1,1,0,0,0,1,6,0,0.0,0.0,11838,3,40,5.0,1,False,32.43287671232877
26465,13093,512191,2021-07-18 13:30:00,7,1,179,3.0,1,0,1,0,0,0,1,6,0,0.0,0.0,11422,5,1,8.0,1,False,31.293150684931508
26466,13094,512191,2020-11-07 10:30:00,7,7,1001,3.0,2,0,1,0,0,0,1,6,0,0.0,0.0,11169,1,9,19.0,1,True,30.6
26467,13095,512191,2019-10-07 13:30:00,7,7,545,3.0,3,0,1,0,0,0,1,6,0,0.0,0.0,10772,2,8,6.0,1,True,29.51232876712329
26499,13153,1185538,2022-10-02 14:30:00,7,7,545,3.0,3,0,1,0,0,0,1,2,2,0.0,0.0,7708,8,1,5.0,1,True,21.117808219178084
26500,13171,1185538,2022-10-27 11:00:00,7,0,3404,3.0,3,1,1,0,0,0,1,2,2,0.0,0.0,7733,8,9,12.0,1,False,21.186301369863013
26607,13397,323389,2021-11-20 08:00:00,7,25,2025,3.0,1,0,1,0,0,0,1,9,2,0.0,0.0,10764,1,25,39.0,1,False,29.49041095890411
26608,13398,323389,2022-10-14 02:00:00,7,5,93,3.0,1,0,1,0,0,0,1,9,2,0.0,0.0,11092,1,5,34.0,1,False,30.389041095890413
26609,13399,323389,2021-10-26 14:00:00,7,0,848,3.0,3,1,1,0,0,0,1,9,2,0.0,0.0,10739,1,5,33.0,1,False,29.421917808219177
26610,13400,323389,2022-09-23 14:30:00,7,7,487,3.0,3,0,1,0,0,0,1,9,2,0.0,0.0,11071,1,1,8.0,1,True,30.33150684931507
26611,13401,323389,2022-09-07 14:00:00,7,0,848,3.0,3,1,1,0,0,0,1,9,2,0.0,0.0,11055,1,40,20.0,1,False,30.28767123287671
26612,13402,323389,2021-07-18 13:30:00,7,1,179,3.0,1,0,1,0,0,0,1,9,2,0.0,0.0,10639,1,1,37.0,1,False,29.14794520547945
26613,13403,323389,2021-02-14 13:00:00,7,7,545,3.0,3,0,1,0,0,0,1,9,2,0.0,0.0,10485,1,3,42.0,1,True,28.726027397260275
26614,13404,323389,2020-11-07 10:30:00,7,7,1001,3.0,2,0,1,0,0,0,1,9,2,0.0,0.0,10386,6,9,0.0,1,True,28.454794520547942
26615,13405,323389,2015-11-26 16:00:00,7,0,2439,3.0,3,1,1,0,0,0,1,9,2,0.0,0.0,8578,4,1,6.0,1,False,23.5013698630137
26616,13406,323389,2021-12-16 13:00:00,7,7,487,3.0,3,0,1,0,0,0,1,9,2,0.0,0.0,10790,1,4,87.0,1,True,29.56164383561644
26617,13407,323389,2021-11-19 08:00:00,7,25,2025,3.0,1,0,1,0,0,0,1,9,2,0.0,0.0,10763,1,25,11.0,1,False,29.487671232876718
26618,13408,323389,2021-04-23 09:00:00,7,9,260,3.0,1,0,1,0,0,0,1,9,2,0.0,0.0,10553,1,9,13.0,1,False,28.912328767123288
26619,13410,323389,2022-11-09 08:00:00,7,0,132,3.0,3,1,1,0,0,0,1,9,2,0.0,0.0,11118,1,5,57.0,1,False,30.46027397260274
26620,13411,323389,2022-10-27 11:00:00,7,0,3404,3.0,3,1,1,0,0,0,1,9,2,0.0,0.0,11105,1,9,14.0,1,False,30.42465753424657
26621,13412,323389,2022-10-13 02:00:00,7,0,93,3.0,1,1,1,0,0,0,1,9,2,0.0,0.0,11091,1,25,69.0,1,False,30.386301369863013
26622,13413,323389,2022-09-11 14:00:00,7,0,2439,3.0,3,1,1,0,0,0,1,9,2,0.0,0.0,11059,1,8,55.0,1,False,30.2986301369863
26623,13414,323389,2021-10-29 14:00:00,7,0,2439,3.0,3,1,1,0,0,0,1,9,2,0.0,0.0,10742,1,40,8.0,1,False,29.43013698630137
26624,13415,323389,2021-04-14 12:30:00,7,3,902,3.0,1,0,1,0,0,0,1,9,2,0.0,0.0,10544,1,3,73.0,1,False,28.887671232876716
26625,13417,323389,2022-11-06 04:00:00,7,0,131,3.0,1,1,1,0,0,0,1,9,2,0.0,0.0,11115,1,25,32.0,1,False,30.45205479452055
26626,13418,323389,2022-10-02 14:30:00,7,7,545,3.0,3,0,1,0,0,0,1,9,2,0.0,0.0,11080,1,1,1.0,1,True,30.356164383561644
26627,13419,323389,2021-11-22 08:00:00,7,25,2025,3.0,1,0,1,0,0,0,1,9,2,0.0,0.0,10766,1,25,40.0,1,False,29.495890410958904
26628,13420,323389,2021-04-16 12:30:00,7,3,902,3.0,1,0,1,0,0,0,1,9,2,0.0,0.0,10546,1,3,0.0,1,False,28.893150684931506
26629,13421,323389,2021-04-10 12:30:00,7,3,508,3.0,1,0,1,0,0,0,1,9,2,0.0,0.0,10540,1,3,74.0,1,False,28.876712328767123
26630,13422,323389,2020-12-22 06:00:00,7,5,453,3.0,3,0,1,0,0,0,1,9,2,0.0,0.0,10431,1,5,89.0,1,False,28.578082191780823
26631,13423,323389,2019-02-01 16:00:00,7,3,174,3.0,3,0,1,0,0,0,1,9,2,0.0,0.0,9741,8,3,2.0,1,False,26.687671232876717
26632,13425,323389,2022-10-30 07:00:00,7,0,3404,3.0,2,1,1,0,0,0,1,9,2,0.0,0.0,11108,1,15,49.0,1,False,30.432876712328767
26633,13426,323389,2022-09-04 14:00:00,7,0,2439,3.0,3,1,1,0,0,0,1,9,2,0.0,0.0,11052,1,6,71.0,1,False,30.27945205479452
26634,13428,323389,2019-02-03 12:30:00,7,3,508,3.0,1,0,1,0,0,0,1,9,2,0.0,0.0,9743,9,3,1.0,1,False,26.693150684931503
26635,13430,348148,2022-10-14 02:00:00,7,5,93,3.0,1,0,1,0,0,0,1,0,0,0.0,0.0,10434,4,5,38.0,1,False,28.58630136986301
26636,13431,348148,2022-09-23 14:30:00,7,7,487,3.0,3,0,1,0,0,0,1,0,0,0.0,0.0,10413,7,1,19.0,1,True,28.528767123287672
26637,13432,348148,2022-09-07 14:00:00,7,0,848,3.0,3,1,1,0,0,0,1,0,0,0.0,0.0,10397,6,40,4.0,1,False,28.484931506849318
26638,13433,348148,2021-02-14 13:00:00,7,7,545,3.0,3,0,1,0,0,0,1,0,0,0.0,0.0,9827,7,3,18.0,1,True,26.92328767123288
26639,13441,348148,2021-11-19 08:00:00,7,25,2025,3.0,1,0,1,0,0,0,1,0,0,0.0,0.0,10105,8,25,18.0,1,False,27.684931506849317
26640,13447,348148,2022-10-27 11:00:00,7,0,3404,3.0,3,1,1,0,0,0,1,0,0,0.0,0.0,10447,7,9,22.0,1,False,28.621917808219177
26641,13448,348148,2022-10-13 02:00:00,7,0,93,3.0,1,1,1,0,0,0,1,0,0,0.0,0.0,10433,4,25,45.0,1,False,28.583561643835612
26642,13452,348148,2022-09-11 14:00:00,7,0,2439,3.0,3,1,1,0,0,0,1,0,0,0.0,0.0,10401,5,8,6.0,1,False,28.495890410958904
26643,13459,348148,2022-11-06 04:00:00,7,0,131,3.0,1,1,1,0,0,0,1,0,0,0.0,0.0,10457,3,25,4.0,1,False,28.649315068493152
26644,13461,348148,2022-10-02 14:30:00,7,7,545,3.0,3,0,1,0,0,0,1,0,0,0.0,0.0,10422,7,1,9.0,1,True,28.553424657534247
26645,13467,348148,2021-11-22 08:00:00,7,25,2025,3.0,1,0,1,0,0,0,1,0,0,0.0,0.0,10108,7,25,4.0,1,False,27.693150684931503
26646,13468,348148,2021-04-16 12:30:00,7,3,902,3.0,1,0,1,0,0,0,1,0,0,0.0,0.0,9888,8,3,25.0,1,False,27.09041095890411
26647,13469,348148,2021-04-10 12:30:00,7,3,508,3.0,1,0,1,0,0,0,1,0,0,0.0,0.0,9882,6,3,0.0,1,False,27.07397260273973
26648,13475,348148,2022-09-04 14:00:00,7,0,2439,3.0,3,1,1,0,0,0,1,0,0,0.0,0.0,10394,4,6,42.0,1,False,28.476712328767125
26649,13490,922943,2022-10-27 11:00:00,7,0,3404,3.0,3,1,1,0,0,0,1,0,2,0.0,0.0,8789,5,9,17.0,1,False,24.07945205479452
26650,13494,922943,2022-09-11 14:00:00,7,0,2439,3.0,3,1,1,0,0,0,1,0,2,0.0,0.0,8743,8,8,8.0,1,False,23.95342465753425
26651,13502,922943,2021-10-29 14:00:00,7,0,2439,3.0,3,1,1,0,0,0,1,0,2,0.0,0.0,8426,7,40,0.0,1,False,23.084931506849315
26652,13508,922943,2020-12-22 06:00:00,7,5,453,3.0,3,0,1,0,0,0,1,0,2,0.0,0.0,8115,6,5,0.0,1,False,22.232876712328768
26653,13512,922943,2019-02-01 16:00:00,7,3,174,3.0,3,0,1,0,0,0,1,0,2,0.0,0.0,7425,10,3,7.0,1,False,20.34246575342466
26654,13520,922943,2022-09-07 14:00:00,7,0,848,3.0,3,1,1,0,0,0,1,0,2,0.0,0.0,8739,5,40,36.0,1,False,23.942465753424656
26655,13522,922943,2021-07-18 13:30:00,7,1,179,3.0,1,0,1,0,0,0,1,0,2,0.0,0.0,8323,8,1,36.0,1,False,22.8027397260274
26656,13524,922943,2019-10-07 13:30:00,7,7,545,3.0,3,0,1,0,0,0,1,0,2,0.0,0.0,7673,9,8,0.0,1,True,21.02191780821918
26657,13531,922943,2021-11-19 08:00:00,7,25,2025,3.0,1,0,1,0,0,0,1,0,2,0.0,0.0,8447,7,25,21.0,1,False,23.14246575342466
26658,13540,922943,2022-10-30 07:00:00,7,0,3404,3.0,2,1,1,0,0,0,1,0,2,0.0,0.0,8792,6,15,4.0,1,False,24.087671232876712
26659,13543,922943,2019-02-03 12:30:00,7,3,508,3.0,1,0,1,0,0,0,1,0,2,0.0,0.0,7427,8,3,0.0,1,False,20.34794520547945
26660,13553,922943,2017-10-27 16:00:00,7,0,1965,3.0,3,1,1,0,0,0,1,0,2,0.0,0.0,6963,9,8,16.0,1,False,19.076712328767123
26661,13555,922943,2022-11-06 04:00:00,7,0,131,3.0,1,1,1,0,0,0,1,0,2,0.0,0.0,8799,7,25,0.0,1,False,24.10684931506849
26876,14286,379143,2022-11-06 00:00:00,3,0,131,3.0,1,1,1,0,0,0,1,9,0,0.0,0.0,10916,1,15,13.0,1,False,29.90684931506849
26877,14287,379143,2022-10-30 11:00:00,3,0,3404,3.0,3,1,1,0,0,0,1,9,0,0.0,0.0,10909,1,6,1.0,1,False,29.887671232876716
26878,14288,379143,2021-10-30 10:00:00,3,0,848,3.0,1,1,1,0,0,0,1,9,0,0.0,0.0,10544,1,8,12.0,1,False,28.887671232876716
26879,14289,379143,2022-06-17 13:30:00,3,6,2401,3.0,3,0,1,0,0,0,1,9,0,0.0,0.0,10774,1,6,14.0,1,False,29.51780821917808
26880,14290,379143,2012-12-21 16:00:00,3,3,302,3.0,3,0,1,0,0,0,1,9,0,0.0,0.0,7309,4,5,28.0,1,True,20.024657534246572
26881,14291,379143,2020-02-14 16:00:00,3,3,302,3.0,3,0,1,0,0,0,1,9,0,0.0,0.0,9920,2,1,65.0,1,True,27.17808219178082
26882,14292,379143,2019-03-19 16:00:00,3,3,174,3.0,3,0,1,0,0,0,1,9,0,0.0,0.0,9588,1,8,13.0,1,True,26.26849315068493
26883,14293,379143,2019-09-22 13:30:00,3,6,683,3.0,3,0,1,0,0,0,1,9,0,0.0,0.0,9775,2,6,79.0,1,False,26.78082191780822
26884,14294,379143,2018-10-12 16:00:00,3,3,1367,3.0,3,0,1,0,0,0,1,9,0,0.0,0.0,9430,2,9,26.0,1,True,25.83561643835617
26885,14295,379143,2022-06-09 13:30:00,3,6,333,3.0,3,0,1,0,0,0,1,9,0,0.0,0.0,10766,1,6,22.0,1,False,29.495890410958904
26886,14296,379143,2021-09-12 13:30:00,3,8,1004,3.0,3,0,1,0,0,0,1,9,0,0.0,0.0,10496,1,8,58.0,1,False,28.756164383561643
26887,14297,379143,2013-11-13 16:00:00,3,0,2439,3.0,3,1,1,0,0,0,1,9,0,0.0,0.0,7636,2,7,48.0,1,False,20.92054794520548
26888,14299,379143,2022-11-03 08:00:00,3,0,132,3.0,3,1,1,0,9,0,1,9,0,0.0,0.0,10913,2,7,0.0,1,False,29.898630136986306
26889,14300,379143,2020-02-26 16:00:00,3,3,174,3.0,3,0,1,0,0,0,1,9,0,0.0,0.0,9932,1,2,5.0,1,True,27.21095890410959
26890,14301,379143,2014-11-05 08:35:00,3,2,131,3.0,3,0,1,0,0,0,1,9,0,0.0,0.0,7993,2,2,46.0,1,False,21.898630136986306
26891,14302,379143,2021-11-02 10:00:00,3,0,1965,3.0,1,1,1,0,0,0,1,9,0,0.0,0.0,10547,1,25,16.0,1,False,28.895890410958906
26892,14303,379143,2021-07-01 18:00:00,3,4,1131,3.0,1,0,1,0,0,0,1,9,0,0.0,0.0,10423,1,4,60.0,1,False,28.556164383561644
26893,14304,379143,2020-02-21 16:00:00,3,3,508,3.0,3,0,1,0,0,0,1,9,0,0.0,0.0,9927,1,2,2.0,1,True,27.197260273972603
26894,14305,379143,2013-11-22 16:00:00,3,3,174,3.0,3,0,1,0,0,0,1,9,0,0.0,0.0,7645,2,7,26.0,1,True,20.945205479452056
26895,14306,379143,2022-10-02 13:30:00,3,6,2865,3.0,3,0,1,0,0,0,1,9,0,0.0,0.0,10881,2,6,69.0,1,False,29.81095890410959
26896,14307,379143,2022-07-27 17:30:00,3,1,176,3.0,2,0,1,0,0,0,1,9,0,0.0,0.0,10814,1,1,2.0,1,False,29.627397260273973
26897,14313,379145,2022-06-17 13:30:00,3,6,2401,3.0,3,0,1,0,0,0,1,1,2,0.0,0.0,11807,11,6,4.0,1,False,32.347945205479455
26898,14345,379145,2022-11-03 08:00:00,3,0,132,3.0,3,1,1,0,9,0,1,1,2,0.0,0.0,11946,11,7,1.0,1,False,32.728767123287675
26899,14352,379145,2020-02-26 16:00:00,3,3,174,3.0,3,0,1,0,0,0,1,1,2,0.0,0.0,10965,11,2,2.0,1,True,30.04109589041096
26900,14355,379145,2021-07-01 18:00:00,3,4,1131,3.0,1,0,1,0,0,0,1,1,2,0.0,0.0,11456,9,4,0.0,1,False,31.386301369863013
26901,14358,379145,2020-02-21 16:00:00,3,3,508,3.0,3,0,1,0,0,0,1,1,2,0.0,0.0,10960,11,2,2.0,1,True,30.02739726027397
26902,14364,379145,2022-06-14 13:30:00,3,6,1896,3.0,3,0,1,0,0,0,1,1,2,0.0,0.0,11804,11,6,0.0,1,False,32.33972602739726
26903,14367,379145,2019-02-06 16:00:00,3,3,902,3.0,3,0,1,0,0,0,1,1,2,0.0,0.0,10580,11,7,0.0,1,True,28.98630136986301
27324,15483,348144,2022-11-06 04:00:00,7,0,131,3.0,1,1,1,0,0,0,1,3,2,0.0,0.0,10249,2,25,25.0,1,False,28.07945205479452
27325,15484,348144,2021-10-29 14:00:00,7,0,2439,3.0,3,1,1,0,0,0,1,3,2,0.0,0.0,9876,2,40,51.0,1,False,27.057534246575344
27326,15485,348144,2022-10-02 14:30:00,7,7,545,3.0,3,0,1,0,0,0,1,3,2,0.0,0.0,10214,2,1,4.0,1,True,27.983561643835618
27327,15486,348144,2018-04-03 14:30:00,7,7,487,3.0,1,0,1,0,0,0,1,3,2,0.0,0.0,8571,2,4,51.0,1,True,23.48219178082192
27328,15487,348144,2021-11-22 08:00:00,7,25,2025,3.0,1,0,1,0,0,0,1,3,2,0.0,0.0,9900,2,25,19.0,1,False,27.12328767123288
27329,15488,348144,2021-04-14 12:30:00,7,3,902,3.0,1,0,1,0,0,0,1,3,2,0.0,0.0,9678,2,3,122.0,1,False,26.51506849315069
27330,15489,348144,2021-04-16 12:30:00,7,3,902,3.0,1,0,1,0,0,0,1,3,2,0.0,0.0,9680,2,3,24.0,1,False,26.52054794520548
27331,15490,348144,2021-04-10 12:30:00,7,3,508,3.0,1,0,1,0,0,0,1,3,2,0.0,0.0,9674,2,3,14.0,1,False,26.504109589041096
27332,15491,348144,2019-02-01 16:00:00,7,3,174,3.0,3,0,1,0,0,0,1,3,2,0.0,0.0,8875,2,3,38.0,1,False,24.315068493150687
27333,15492,348144,2020-01-25 09:00:00,7,7,545,3.0,1,0,1,0,0,0,1,3,2,0.0,0.0,9233,1,25,66.0,1,True,25.295890410958904
27334,15494,348144,2022-10-30 07:00:00,7,0,3404,3.0,2,1,1,0,0,0,1,3,2,0.0,0.0,10242,2,15,4.0,1,False,28.06027397260274
27335,15495,348144,2022-09-04 14:00:00,7,0,2439,3.0,3,1,1,0,0,0,1,3,2,0.0,0.0,10186,2,6,14.0,1,False,27.90684931506849
27336,15496,348144,2020-11-08 10:30:00,7,7,1001,3.0,2,0,1,0,0,0,1,3,2,0.0,0.0,9521,2,9,51.0,1,True,26.084931506849315
27337,15497,348144,2019-02-03 12:30:00,7,3,508,3.0,1,0,1,0,0,0,1,3,2,0.0,0.0,8877,1,3,90.0,1,False,24.32054794520548
27338,15498,348144,2017-10-26 16:00:00,7,0,1965,3.0,3,1,1,0,0,0,1,3,2,0.0,0.0,8412,3,8,1.0,1,False,23.046575342465754
27339,15499,348144,2017-04-02 16:30:00,7,4,208,3.0,1,0,1,0,0,0,1,3,2,0.0,0.0,8205,3,4,38.0,1,False,22.47945205479452
27340,15500,348144,2021-11-20 08:00:00,7,25,2025,3.0,1,0,1,0,0,0,1,3,2,0.0,0.0,9898,2,25,1.0,1,False,27.117808219178084
27341,15501,348144,2021-10-26 14:00:00,7,0,848,3.0,3,1,1,0,0,0,1,3,2,0.0,0.0,9873,2,5,9.0,1,False,27.04931506849315
27342,15502,348144,2021-04-23 09:00:00,7,9,260,3.0,1,0,1,0,0,0,1,3,2,0.0,0.0,9687,2,9,41.0,1,False,26.53972602739726
27343,15503,348144,2018-11-02 16:00:00,7,0,2439,3.0,3,1,1,0,0,0,1,3,2,0.0,0.0,8784,2,5,40.0,1,False,24.065753424657533
27344,15504,348144,2017-10-27 16:00:00,7,0,1965,3.0,3,1,1,0,0,0,1,3,2,0.0,0.0,8413,3,8,1.0,1,False,23.04931506849315
27345,15505,348144,2017-03-26 16:30:00,7,4,199,3.0,1,0,1,0,0,0,1,3,2,0.0,0.0,8198,3,4,29.0,1,False,22.46027397260274
27346,15506,348144,2022-10-14 02:00:00,7,5,93,3.0,1,0,1,0,0,0,1,3,2,0.0,0.0,10226,2,5,15.0,1,False,28.016438356164382
27347,15507,348144,2022-09-23 14:30:00,7,7,487,3.0,3,0,1,0,0,0,1,3,2,0.0,0.0,10205,2,1,8.0,1,True,27.95890410958904
27348,15508,348144,2022-09-07 14:00:00,7,0,848,3.0,3,1,1,0,0,0,1,3,2,0.0,0.0,10189,2,40,0.0,1,False,27.915068493150685
27349,15509,348144,2021-07-18 13:30:00,7,1,179,3.0,1,0,1,0,0,0,1,3,2,0.0,0.0,9773,2,1,22.0,1,False,26.775342465753425
27350,15510,348144,2021-02-14 13:00:00,7,7,545,3.0,3,0,1,0,0,0,1,3,2,0.0,0.0,9619,3,3,44.0,1,True,26.353424657534248
27351,15511,348144,2020-11-07 10:30:00,7,7,1001,3.0,2,0,1,0,0,0,1,3,2,0.0,0.0,9520,2,9,82.0,1,True,26.08219178082192
27352,15512,348144,2016-09-23 16:00:00,7,0,2439,3.0,3,1,1,0,0,0,1,3,2,0.0,0.0,8014,3,4,55.0,1,False,21.95616438356164
27353,15513,348144,2021-12-16 13:00:00,7,7,487,3.0,3,0,1,0,0,0,1,3,2,0.0,0.0,9924,2,4,79.0,1,True,27.18904109589041
27354,15514,348144,2021-11-19 08:00:00,7,25,2025,3.0,1,0,1,0,0,0,1,3,2,0.0,0.0,9897,2,25,7.0,1,False,27.115068493150684
27355,15515,348144,2019-10-09 13:30:00,7,7,545,3.0,3,0,1,0,0,0,1,3,2,0.0,0.0,9125,2,8,27.0,1,True,25.0
27356,15517,348144,2019-10-07 13:30:00,7,7,545,3.0,3,0,1,0,0,0,1,3,2,0.0,0.0,9123,1,8,3.0,1,True,24.994520547945207
27357,15518,348144,2022-11-09 08:00:00,7,0,132,3.0,3,1,1,0,0,0,1,3,2,0.0,0.0,10252,2,5,53.0,1,False,28.087671232876712
27358,15519,348144,2022-10-27 11:00:00,7,0,3404,3.0,3,1,1,0,0,0,1,3,2,0.0,0.0,10239,2,9,4.0,1,False,28.052054794520547
27359,15520,348144,2022-10-13 02:00:00,7,0,93,3.0,1,1,1,0,0,0,1,3,2,0.0,0.0,10225,2,25,55.0,1,False,28.013698630136982
27360,15521,348144,2022-09-11 14:00:00,7,0,2439,3.0,3,1,1,0,0,0,1,3,2,0.0,0.0,10193,2,8,5.0,1,False,27.926027397260277
27361,15522,348144,2016-09-27 16:00:00,7,0,1965,3.0,3,1,1,0,0,0,1,3,2,0.0,0.0,8018,3,4,27.0,1,False,21.96712328767123
27362,15523,480603,2022-11-06 04:00:00,7,0,131,3.0,1,1,1,0,0,0,1,5,2,0.0,0.0,11752,6,25,1.0,1,False,32.1972602739726
27363,15524,480603,2022-10-02 14:30:00,7,7,545,3.0,3,0,1,0,0,0,1,5,2,0.0,0.0,11717,4,1,19.0,1,True,32.1013698630137
27364,15528,480603,2021-11-22 08:00:00,7,25,2025,3.0,1,0,1,0,0,0,1,5,2,0.0,0.0,11403,5,25,6.0,1,False,31.24109589041096
27365,15529,480603,2020-12-22 06:00:00,7,5,453,3.0,3,0,1,0,0,0,1,5,2,0.0,0.0,11068,7,5,14.0,1,False,30.32328767123288
27366,15532,480603,2022-10-30 07:00:00,7,0,3404,3.0,2,1,1,0,0,0,1,5,2,0.0,0.0,11745,5,15,6.0,1,False,32.178082191780824
27367,15533,480603,2022-09-04 14:00:00,7,0,2439,3.0,3,1,1,0,0,0,1,5,2,0.0,0.0,11689,7,6,2.0,1,False,32.02465753424657
27368,15535,480603,2022-10-14 02:00:00,7,5,93,3.0,1,0,1,0,0,0,1,5,2,0.0,0.0,11729,7,5,25.0,1,False,32.134246575342466
27369,15536,480603,2022-09-23 14:30:00,7,7,487,3.0,3,0,1,0,0,0,1,5,2,0.0,0.0,11708,5,1,6.0,1,True,32.07671232876712
27370,15537,480603,2022-09-07 14:00:00,7,0,848,3.0,3,1,1,0,0,0,1,5,2,0.0,0.0,11692,4,40,30.0,1,False,32.032876712328765
27371,15539,480603,2021-12-16 13:00:00,7,7,487,3.0,3,0,1,0,0,0,1,5,2,0.0,0.0,11427,5,4,1.0,1,True,31.306849315068494
27372,15540,480603,2019-10-09 13:30:00,7,7,545,3.0,3,0,1,0,0,0,1,5,2,0.0,0.0,10628,7,8,17.0,1,True,29.117808219178084
27373,15542,480603,2022-11-09 08:00:00,7,0,132,3.0,3,1,1,0,0,0,1,5,2,0.0,0.0,11755,5,5,0.0,1,False,32.2054794520548
27374,15543,480603,2022-10-27 11:00:00,7,0,3404,3.0,3,1,1,0,0,0,1,5,2,0.0,0.0,11742,4,9,5.0,1,False,32.16986301369863
27375,15547,480603,2022-09-11 14:00:00,7,0,2439,3.0,3,1,1,0,0,0,1,5,2,0.0,0.0,11696,4,8,32.0,1,False,32.04383561643836
27387,15586,542023,2022-06-17 13:30:00,3,6,2401,3.0,3,0,1,0,0,0,1,1,2,0.0,0.0,9576,10,6,4.0,1,False,26.235616438356164
27388,15606,542023,2022-11-03 08:00:00,3,0,132,3.0,3,1,1,0,9,0,1,1,2,0.0,0.0,9715,10,7,4.0,1,False,26.616438356164384
27389,15611,542023,2020-02-26 16:00:00,3,3,174,3.0,3,0,1,0,0,0,1,1,2,0.0,0.0,8734,10,2,0.0,1,True,23.92876712328767
27390,15613,542023,2021-07-01 18:00:00,3,4,1131,3.0,1,0,1,0,0,0,1,1,2,0.0,0.0,9225,10,4,0.0,1,False,25.273972602739725
27391,15615,542023,2020-02-21 16:00:00,3,3,508,3.0,3,0,1,0,0,0,1,1,2,0.0,0.0,8729,10,2,1.0,1,True,23.915068493150685
27392,15620,542023,2022-07-27 17:30:00,3,1,176,3.0,2,0,1,0,0,0,1,1,2,0.0,0.0,9616,10,1,1.0,1,False,26.34520547945205
27882,16620,269280,2021-11-02 10:00:00,3,0,1965,3.0,1,1,1,0,0,0,1,6,2,0.0,0.0,11768,2,25,4.0,1,False,32.24109589041096
27883,16621,269280,2019-09-22 13:30:00,3,6,683,3.0,3,0,1,0,0,0,1,6,2,0.0,0.0,10996,1,6,28.0,1,False,30.126027397260277
27884,16622,269280,2021-07-01 18:00:00,3,4,1131,3.0,1,0,1,0,0,0,1,6,2,0.0,0.0,11644,2,4,2.0,1,False,31.9013698630137
27885,16623,269280,2021-09-12 13:30:00,3,8,1004,3.0,3,0,1,0,0,0,1,6,2,0.0,0.0,11717,2,8,18.0,1,False,32.1013698630137
27886,16625,269280,2018-02-24 16:00:00,3,3,174,3.0,3,0,1,0,0,0,1,6,2,0.0,0.0,10421,1,6,7.0,1,True,28.55068493150685
27887,16627,269280,2021-02-11 13:00:00,3,7,545,3.0,3,0,1,0,0,0,1,6,2,0.0,0.0,11504,2,7,54.0,1,False,31.51780821917808
27888,16628,269280,2022-06-12 13:30:00,3,6,442,3.0,3,0,1,0,0,0,1,6,2,0.0,0.0,11990,2,6,4.0,1,False,32.84931506849315
27889,16629,269280,2018-02-21 16:00:00,3,3,902,3.0,3,0,1,0,0,0,1,6,2,0.0,0.0,10418,1,6,26.0,1,True,28.542465753424658
27890,16630,269280,2017-06-25 13:30:00,3,1,644,3.0,1,0,1,0,0,0,1,6,2,0.0,0.0,10177,2,1,0.0,1,False,27.88219178082192
27891,16632,269280,2022-07-27 17:30:00,3,1,176,3.0,2,0,1,0,0,0,1,6,2,0.0,0.0,12035,2,1,57.0,1,False,32.97260273972603
27892,16633,269280,2022-06-14 13:30:00,3,6,1896,3.0,3,0,1,0,0,0,1,6,2,0.0,0.0,11992,2,6,23.0,1,False,32.85479452054795
27893,16634,269280,2019-02-06 16:00:00,3,3,902,3.0,3,0,1,0,0,0,1,6,2,0.0,0.0,10768,1,7,5.0,1,True,29.5013698630137
27894,16635,269280,2021-10-30 10:00:00,3,0,848,3.0,1,1,1,0,0,0,1,6,2,0.0,0.0,11765,2,8,11.0,1,False,32.23287671232877
27895,16636,269280,2019-03-19 16:00:00,3,3,174,3.0,3,0,1,0,0,0,1,6,2,0.0,0.0,10809,2,8,8.0,1,True,29.613698630136987
27896,16638,269280,2021-02-13 13:00:00,3,7,545,3.0,3,0,1,0,0,0,1,6,2,0.0,0.0,11506,2,7,42.0,1,False,31.523287671232875
27897,16639,269280,2014-11-05 08:35:00,3,2,131,3.0,3,0,1,0,0,0,1,6,2,0.0,0.0,9214,1,2,0.0,1,False,25.24383561643836
27898,16640,321777,2021-11-02 10:00:00,3,0,1965,3.0,1,1,1,0,0,0,1,5,0,0.0,0.0,11833,6,25,5.0,1,False,32.41917808219178
27899,16642,321777,2018-10-12 16:00:00,3,3,1367,3.0,3,0,1,0,0,0,1,5,0,0.0,0.0,10716,6,9,19.0,1,True,29.35890410958904
27900,16643,321777,2022-06-09 13:30:00,3,6,333,3.0,3,0,1,0,0,0,1,5,0,0.0,0.0,12052,5,6,64.0,1,False,33.01917808219178
27901,16644,321777,2021-07-01 18:00:00,3,4,1131,3.0,1,0,1,0,0,0,1,5,0,0.0,0.0,11709,6,4,12.0,1,False,32.07945205479452
27902,16645,321777,2020-02-21 16:00:00,3,3,508,3.0,3,0,1,0,0,0,1,5,0,0.0,0.0,11213,5,2,2.0,1,True,30.72054794520548
27903,16647,321777,2011-10-16 12:30:00,3,3,508,3.0,1,0,1,0,0,0,1,5,0,0.0,0.0,8163,6,2,10.0,1,True,22.36438356164384
27904,16648,321777,2018-02-24 16:00:00,3,3,174,3.0,3,0,1,0,0,0,1,5,0,0.0,0.0,10486,2,6,24.0,1,True,28.72876712328767
27905,16649,321777,2013-11-22 16:00:00,3,3,174,3.0,3,0,1,0,0,0,1,5,0,0.0,0.0,8931,6,7,22.0,1,True,24.46849315068493
27906,16650,321777,2010-10-26 16:00:00,3,0,1965,3.0,3,1,1,0,0,0,1,5,0,0.0,0.0,7808,6,7,13.0,1,False,21.39178082191781
27907,16652,321777,2022-11-06 00:00:00,3,0,131,3.0,1,1,1,0,0,0,1,5,0,0.0,0.0,12202,5,15,17.0,1,False,33.43013698630137
27908,16653,321777,2022-10-30 11:00:00,3,0,3404,3.0,3,1,1,0,0,0,1,5,0,0.0,0.0,12195,5,6,59.0,1,False,33.41095890410959
27909,16654,321777,2022-06-17 13:30:00,3,6,2401,3.0,3,0,1,0,0,0,1,5,0,0.0,0.0,12060,6,6,9.0,1,False,33.04109589041096
27910,16655,321777,2021-02-11 13:00:00,3,7,545,3.0,3,0,1,0,0,0,1,5,0,0.0,0.0,11569,4,7,6.0,1,False,31.695890410958903
27911,16657,321777,2022-06-12 13:30:00,3,6,442,3.0,3,0,1,0,0,0,1,5,0,0.0,0.0,12055,6,6,20.0,1,False,33.02739726027397
27912,16658,321777,2018-02-21 16:00:00,3,3,902,3.0,3,0,1,0,0,0,1,5,0,0.0,0.0,10483,5,6,5.0,1,True,28.72054794520548
27913,16659,321777,2017-06-25 13:30:00,3,1,644,3.0,1,0,1,0,0,0,1,5,0,0.0,0.0,10242,5,1,7.0,1,False,28.06027397260274
27914,16660,321777,2022-10-02 13:30:00,3,6,2865,3.0,3,0,1,0,0,0,1,5,0,0.0,0.0,12167,5,6,106.0,1,False,33.33424657534247
27915,16661,321777,2022-07-27 17:30:00,3,1,176,3.0,2,0,1,0,0,0,1,5,0,0.0,0.0,12100,5,1,8.0,1,False,33.15068493150685
27916,16662,321777,2022-06-14 13:30:00,3,6,1896,3.0,3,0,1,0,0,0,1,5,0,0.0,0.0,12057,6,6,3.0,1,False,33.032876712328765
27917,16663,321777,2019-02-06 16:00:00,3,3,902,3.0,3,0,1,0,0,0,1,5,0,0.0,0.0,10833,5,7,13.0,1,True,29.67945205479452
27918,16664,321777,2016-02-19 16:00:00,3,3,174,3.0,3,0,1,0,0,0,1,5,0,0.0,0.0,9750,6,1,13.0,1,True,26.71232876712329
27919,16665,321777,2021-10-30 10:00:00,3,0,848,3.0,1,1,1,0,0,0,1,5,0,0.0,0.0,11830,6,8,23.0,1,False,32.41095890410959
27920,16666,321777,2020-02-14 16:00:00,3,3,302,3.0,3,0,1,0,0,0,1,5,0,0.0,0.0,11206,3,1,21.0,1,True,30.7013698630137
27921,16667,321777,2019-03-19 16:00:00,3,3,174,3.0,3,0,1,0,0,0,1,5,0,0.0,0.0,10874,5,8,41.0,1,True,29.791780821917808
27922,16668,321777,2013-03-03 12:30:00,3,3,902,3.0,1,0,1,0,0,0,1,5,0,0.0,0.0,8667,7,7,9.0,1,True,23.745205479452054
27923,16669,321777,2010-10-27 16:00:00,3,0,1965,3.0,3,1,1,0,0,0,1,5,0,0.0,0.0,7809,6,7,6.0,1,False,21.39452054794521
27924,16671,321777,2021-02-13 13:00:00,3,7,545,3.0,3,0,1,0,0,0,1,5,0,0.0,0.0,11571,5,7,25.0,1,False,31.7013698630137
27925,16672,321777,2020-02-26 16:00:00,3,3,174,3.0,3,0,1,0,0,0,1,5,0,0.0,0.0,11218,5,2,15.0,1,True,30.734246575342464
27926,16673,321777,2014-11-05 08:35:00,3,2,131,3.0,3,0,1,0,0,0,1,5,0,0.0,0.0,9279,5,2,9.0,1,False,25.421917808219177
27927,16674,321777,2011-01-09 12:30:00,3,3,2539,3.0,1,0,1,0,0,0,1,5,0,0.0,0.0,7883,6,6,10.0,1,True,21.5972602739726
27928,16675,321777,2010-10-08 16:00:00,3,3,949,3.0,3,0,1,0,0,0,1,5,0,0.0,0.0,7790,5,9,36.0,1,True,21.34246575342466
27929,16676,321777,2015-08-16 12:00:00,3,3,902,3.0,1,0,1,0,0,0,1,5,0,0.0,0.0,9563,6,5,29.0,1,True,26.2
30130,21341,540316,2020-02-21 16:00:00,3,3,508,3.0,3,0,1,0,0,0,1,2,0,0.0,0.0,8755,7,2,0.0,1,True,23.98630136986301
30131,21345,540316,2021-02-11 13:00:00,3,7,545,3.0,3,0,1,0,0,0,1,2,0,0.0,0.0,9111,6,7,14.0,1,False,24.96164383561644
30132,21350,540316,2017-06-25 13:30:00,3,1,644,3.0,1,0,1,0,0,0,1,2,0,0.0,0.0,7784,8,1,27.0,1,False,21.326027397260276
30133,21351,540316,2022-07-27 17:30:00,3,1,176,3.0,2,0,1,0,0,0,1,2,0,0.0,0.0,9642,7,1,22.0,1,False,26.416438356164385
30134,21354,540316,2019-02-06 16:00:00,3,3,902,3.0,3,0,1,0,0,0,1,2,0,0.0,0.0,8375,6,7,10.0,1,True,22.945205479452056
30135,21356,540316,2020-02-14 16:00:00,3,3,302,3.0,3,0,1,0,0,0,1,2,0,0.0,0.0,8748,6,1,0.0,1,True,23.96712328767123
30136,21358,540316,2019-03-19 16:00:00,3,3,174,3.0,3,0,1,0,0,0,1,2,0,0.0,0.0,8416,7,8,4.0,1,True,23.057534246575344
30414,21911,436757,2018-10-12 16:00:00,3,3,1367,3.0,3,0,1,0,0,0,1,9,2,0.0,0.0,9936,5,9,22.0,1,True,27.221917808219175
30415,21914,436757,2018-02-24 16:00:00,3,3,174,3.0,3,0,1,0,0,0,1,9,2,0.0,0.0,9706,4,6,7.0,1,True,26.59178082191781
30416,21916,436757,2022-11-06 00:00:00,3,0,131,3.0,1,1,1,0,0,0,1,9,2,0.0,0.0,11422,6,15,21.0,1,False,31.293150684931508
30417,21917,436757,2022-06-17 13:30:00,3,6,2401,3.0,3,0,1,0,0,0,1,9,2,0.0,0.0,11280,5,6,8.0,1,False,30.90410958904109
30418,21918,436757,2021-02-11 13:00:00,3,7,545,3.0,3,0,1,0,0,0,1,9,2,0.0,0.0,10789,5,7,12.0,1,False,29.55890410958904
30419,21919,436757,2022-06-12 13:30:00,3,6,442,3.0,3,0,1,0,0,0,1,9,2,0.0,0.0,11275,5,6,81.0,1,False,30.89041095890411
30420,21920,436757,2018-02-21 16:00:00,3,3,902,3.0,3,0,1,0,0,0,1,9,2,0.0,0.0,9703,4,6,69.0,1,True,26.583561643835612
30421,21921,436757,2022-07-27 17:30:00,3,1,176,3.0,2,0,1,0,0,0,1,9,2,0.0,0.0,11320,4,1,20.0,1,False,31.013698630136982
30422,21922,436757,2022-06-14 13:30:00,3,6,1896,3.0,3,0,1,0,0,0,1,9,2,0.0,0.0,11277,5,6,29.0,1,False,30.895890410958906
30423,21923,436757,2019-02-06 16:00:00,3,3,902,3.0,3,0,1,0,0,0,1,9,2,0.0,0.0,10053,4,7,2.0,1,True,27.542465753424658
30424,21924,436757,2021-04-12 12:30:00,3,3,508,3.0,1,0,1,0,0,0,1,9,2,0.0,0.0,10849,4,7,36.0,1,True,29.72328767123288
30425,21926,436757,2022-11-03 08:00:00,3,0,132,3.0,3,1,1,0,9,0,1,9,2,0.0,0.0,11419,5,7,15.0,1,False,31.284931506849315
30426,21927,436757,2021-02-13 13:00:00,3,7,545,3.0,3,0,1,0,0,0,1,9,2,0.0,0.0,10791,6,7,17.0,1,False,29.56438356164384
30427,21928,436757,2020-02-26 16:00:00,3,3,174,3.0,3,0,1,0,0,0,1,9,2,0.0,0.0,10438,4,2,22.0,1,True,28.5972602739726
32762,26986,922941,2020-11-10 10:30:00,7,7,1001,3.0,2,0,1,0,0,0,1,7,2,0.0,0.0,7661,2,9,41.0,1,True,20.98904109589041
