Unnamed: 0,player_id,start_time,player_team_id,home_team_id,ground_id,international_class_id,floodlit,neutral_match,international_valid,followon,rain_rule,days_extended,actual_days,position_id,style_id,height,weight,current_age_in_days,batting_order,opponent_team_id,target_value,target_id,is_home,current_age,freq,target_value_binary,stratify_col
18617,25490,2021-10-08 09:30:00,30,0,2569,3.0,1,1,1,0,0,0,1,7,2,0.0,0.0,12607,4,20,41.0,1,False,34.53972602739726,24,1,25490_1
21688,28235,2013-10-10 14:00:00,6,6,2401,3.0,3,0,1,0,0,0,1,6,0,0.0,0.0,10171,2,2,32.0,1,True,27.86575342465753,19,1,28235_1
13335,226492,2021-03-03 06:00:00,5,5,1166,3.0,3,0,1,0,0,0,1,6,2,0.0,0.0,12573,1,2,43.0,1,True,34.44657534246576,21,1,226492_1
10845,233400,2020-02-29 06:30:00,32,0,2585,3.0,1,1,1,0,0,0,1,7,2,0.0,0.0,10758,2,16,38.0,1,False,29.473972602739725,16,1,233400_1
8617,303427,2022-11-04 04:00:00,29,0,131,3.0,1,1,1,0,0,0,1,4,2,0.0,0.0,11750,1,5,37.0,1,False,32.19178082191781,15,1,303427_1
24633,56194,2018-03-16 13:30:00,25,8,1004,3.0,3,0,1,0,0,0,1,6,0,0.0,0.0,10588,1,8,50.0,1,False,29.008219178082197,11,1,56194_1
16935,249866,2014-01-29 08:35:00,1,2,905,3.0,3,0,1,0,0,0,1,6,2,6.05,0.0,9157,1,2,22.0,1,False,25.087671232876712,46,1,249866_1
24959,48472,2010-05-11 17:00:00,8,0,1697,3.0,1,1,1,0,0,0,1,0,2,0.0,0.0,12262,3,6,33.0,1,False,33.59452054794521,21,1,48472_1
12293,325026,2022-10-22 07:00:00,2,2,132,3.0,3,0,1,0,0,0,1,4,2,0.0,0.0,12426,4,5,28.0,1,True,34.04383561643836,32,1,325026_1
23931,50710,2010-10-31 09:35:00,8,2,213,3.0,2,0,1,0,0,0,1,9,0,0.0,0.0,12057,4,2,44.0,1,False,33.032876712328765,14,1,50710_1
15465,671805,2015-07-09 09:00:00,30,30,237,3.0,1,0,1,0,0,0,1,6,0,0.0,0.0,8173,1,27,62.0,1,True,22.39178082191781,10,1,671805_1
25494,19296,2007-09-19 16:00:00,1,0,302,3.0,3,1,1,0,0,0,1,7,2,6.04,0.0,9945,3,6,39.0,1,False,27.246575342465757,30,1,19296_1
24983,48472,2009-09-02 13:30:00,8,8,1004,3.0,3,0,1,0,0,0,1,0,2,0.0,0.0,12011,1,5,57.0,1,True,32.90684931506849,13,1,48472_1
6041,308967,2021-10-23 14:00:00,1,0,2439,3.0,3,1,1,0,0,0,1,9,2,0.0,0.0,11368,2,4,24.0,1,False,31.145205479452056,37,1,308967_1
26007,44932,2007-09-15 16:00:00,3,3,174,3.0,3,0,1,0,0,0,1,4,0,0.0,0.0,8554,2,25,36.0,1,True,23.435616438356163,11,1,44932_1
8568,303427,2021-08-29 11:00:00,29,29,613,3.0,1,0,1,0,0,0,1,4,2,0.0,0.0,11318,1,9,37.0,1,True,31.008219178082197,15,1,303427_1
13879,42657,2017-03-26 16:30:00,7,4,199,3.0,1,0,1,0,0,0,1,0,2,0.0,0.0,12837,5,4,38.0,1,False,35.16986301369863,16,1,42657_1
8628,303427,2017-03-12 08:30:00,29,0,3203,3.0,1,1,1,0,0,0,1,4,2,0.0,0.0,9687,1,40,49.0,1,False,26.53972602739726,11,1,303427_1
13867,42657,2012-12-25 13:30:00,7,6,683,3.0,3,0,1,0,0,0,1,0,2,0.0,0.0,11285,5,6,57.0,1,False,30.91780821917808,13,1,42657_1
22047,25446,2018-06-12 10:00:00,30,30,237,3.0,1,0,1,0,0,0,1,7,2,5.11,0.0,12477,2,7,31.0,1,True,34.18356164383562,24,1,25446_1
18329,604302,2018-12-17 08:00:00,4,25,1564,3.0,1,0,1,0,0,0,1,9,0,0.0,0.0,8477,3,25,23.0,1,False,23.22465753424657,34,1,604302_1
6590,236489,2022-07-07 17:00:00,1,1,1184,3.0,2,0,1,0,0,0,1,7,0,6.0,0.0,12726,3,6,21.0,1,True,34.865753424657534,35,1,236489_1
18349,604302,2021-06-29 18:00:00,4,4,1131,3.0,1,0,1,0,0,0,1,9,0,0.0,0.0,9402,5,3,26.0,1,True,25.75890410958904,38,1,604302_1
5453,307756,2015-11-30 06:00:00,37,0,1965,3.0,1,1,1,0,0,0,1,3,2,0.0,0.0,9766,4,40,28.0,1,False,26.756164383561643,32,1,307756_1
26016,44932,2007-11-23 16:00:00,3,3,508,3.0,3,0,1,0,0,0,1,4,0,0.0,0.0,8623,3,5,33.0,1,True,23.624657534246577,21,1,44932_1
17309,431901,2020-01-19 22:00:00,4,4,576,3.0,2,0,1,0,0,0,1,6,0,0.0,0.0,10250,2,29,46.0,1,True,28.08219178082192,20,1,431901_1
13889,42657,2015-11-27 16:00:00,7,0,2439,3.0,3,1,1,0,0,0,1,0,2,0.0,0.0,12352,4,1,26.0,1,False,33.84109589041096,38,1,42657_1
25500,19296,2010-02-19 14:00:00,1,0,2439,3.0,3,1,1,0,0,0,1,7,2,6.04,0.0,10829,3,7,43.0,1,False,29.66849315068493,21,1,19296_1
15484,348144,2021-10-29 14:00:00,7,0,2439,3.0,3,1,1,0,0,0,1,3,2,0.0,0.0,9876,2,40,51.0,1,False,27.057534246575344,13,1,348144_1
25503,19296,2011-01-12 08:35:00,1,2,131,3.0,3,0,1,0,0,0,1,7,2,6.04,0.0,11156,3,2,25.0,1,False,30.56438356164384,33,1,19296_1
4793,350629,2015-11-25 06:00:00,19,0,1965,3.0,1,1,1,0,0,0,1,0,2,0.0,0.0,8540,5,37,29.0,1,False,23.3972602739726,23,1,350629_1
8630,303427,2012-03-23 06:00:00,29,0,2439,3.0,1,1,1,0,0,0,1,4,2,0.0,0.0,7872,2,15,33.0,1,False,21.567123287671237,21,1,303427_1
17614,34102,2021-11-19 13:30:00,6,6,2575,3.0,3,0,1,0,0,0,1,7,2,0.0,0.0,12622,2,5,55.0,1,True,34.58082191780822,14,1,34102_1
7799,56025,2018-06-07 14:30:00,25,0,3416,3.0,3,1,1,0,0,0,1,0,2,0.0,0.0,11811,6,40,45.0,1,False,32.35890410958904,10,1,56025_1
21604,470699,2017-01-17 15:00:00,15,0,1965,3.0,3,1,1,0,0,0,1,5,0,0.0,0.0,9108,1,30,24.0,1,False,24.95342465753425,37,1,470699_1
6599,236489,2020-08-30 13:30:00,1,1,75,3.0,1,0,1,0,0,0,1,7,0,6.0,0.0,12050,3,7,54.0,1,True,33.013698630136986,11,1,236489_1
11491,437316,2022-02-20 06:10:00,8,2,61,3.0,2,0,1,0,0,0,1,0,2,6.0,0.0,11122,6,2,35.0,1,False,30.471232876712328,21,1,437316_1
14980,272450,2022-10-09 08:10:00,2,2,3404,3.0,2,0,1,0,0,0,1,0,2,0.0,0.0,11312,3,1,36.0,1,True,30.991780821917807,11,1,272450_1
15468,671805,2015-07-25 09:00:00,30,0,974,3.0,1,1,1,0,0,0,1,6,0,0.0,0.0,8189,4,19,25.0,1,False,22.435616438356163,33,1,671805_1
19617,24605,2018-06-17 15:00:00,29,0,1123,3.0,1,1,1,0,0,0,1,4,2,0.0,0.0,12523,6,30,28.0,1,False,34.30958904109589,32,1,24605_1
23782,8291,2009-01-13 08:35:00,2,2,209,3.0,3,0,1,0,0,0,1,5,2,1.87,0.0,9280,6,3,40.0,1,True,25.42465753424657,24,1,8291_1
8320,56143,2010-05-01 17:30:00,25,0,1697,3.0,1,1,1,0,0,0,1,0,0,0.0,0.0,8439,4,7,47.0,1,False,23.12054794520548,17,1,56143_1
12070,5334,2018-07-02 08:00:00,2,0,260,3.0,1,1,1,0,0,0,1,7,2,1.74,0.0,11550,2,7,68.0,1,False,31.64383561643836,11,1,5334_1
8064,820351,2018-12-20 11:00:00,4,25,2025,3.0,2,0,1,0,0,0,1,5,2,0.0,0.0,9281,5,25,50.0,1,False,25.42739726027397,11,1,820351_1
17469,56029,2013-11-06 07:30:00,25,25,2025,3.0,1,0,1,0,0,0,1,9,2,0.0,0.0,9678,4,5,50.0,1,True,26.51506849315069,11,1,56029_1
13895,42657,2019-02-01 16:00:00,7,3,174,3.0,3,0,1,0,0,0,1,0,2,0.0,0.0,13514,4,3,49.0,1,False,37.02465753424657,11,1,42657_1
19651,24605,2019-02-23 13:00:00,29,0,3416,3.0,1,1,1,0,0,0,1,4,2,0.0,0.0,12774,2,40,37.0,1,False,34.9972602739726,15,1,24605_1
204,25913,2012-09-19 14:00:00,40,0,1004,3.0,3,1,1,0,0,0,1,0,2,0.0,0.0,10123,5,6,31.0,1,False,27.734246575342464,24,1,25913_1
17593,422108,2020-12-06 08:10:00,6,2,132,3.0,3,0,1,0,0,0,1,9,2,0.0,0.0,10459,1,2,30.0,1,False,28.654794520547945,18,1,422108_1
8609,303427,2015-07-17 13:15:00,29,29,974,3.0,1,0,1,0,0,0,1,4,2,0.0,0.0,9083,2,19,34.0,1,True,24.88493150684932,19,1,303427_1
16147,219889,2012-09-07 16:00:00,2,0,2439,3.0,3,1,1,0,0,0,1,6,0,1.7,0.0,9447,1,7,31.0,1,False,25.88219178082192,24,1,219889_1
7792,56025,2021-09-08 10:00:00,25,25,2025,3.0,2,0,1,0,0,0,1,0,2,0.0,0.0,13000,5,5,43.0,1,True,35.61643835616438,21,1,56025_1
21238,24609,2012-03-24 14:00:00,29,0,2439,3.0,1,1,1,0,0,0,1,9,2,5.1,0.0,9544,4,40,32.0,1,False,26.14794520547945,19,1,24609_1
6002,297433,2019-03-10 20:00:00,1,4,576,3.0,2,0,1,0,0,0,1,9,2,0.0,0.0,10757,2,4,37.0,1,False,29.471232876712328,15,1,297433_1
16945,249866,2022-11-05 08:00:00,1,0,132,3.0,3,1,1,0,0,0,1,6,2,6.05,0.0,12359,2,8,47.0,1,False,33.86027397260274,17,1,249866_1
16936,249866,2012-12-22 13:30:00,1,6,713,3.0,3,0,1,0,0,0,1,6,2,6.05,0.0,8754,2,6,42.0,1,False,23.983561643835618,21,1,249866_1
7320,303423,2022-08-09 14:30:00,29,29,1409,3.0,1,0,1,0,0,0,1,3,2,0.0,0.0,11547,2,40,51.0,1,True,31.635616438356163,13,1,303423_1
6599,236489,2020-08-30 13:30:00,1,1,75,3.0,1,0,1,0,0,0,1,7,0,6.0,0.0,12050,3,7,54.0,1,True,33.013698630136986,11,1,236489_1
21374,55608,2012-09-18 14:00:00,9,8,2502,3.0,3,0,1,0,0,0,1,7,2,0.0,0.0,10633,1,8,20.0,1,False,29.13150684931507,49,1,55608_1
21104,643197,2022-10-16 08:00:00,15,0,564,3.0,3,1,1,0,0,0,1,6,2,0.0,0.0,10453,2,27,23.0,1,False,28.638356164383563,34,1,643197_1
23731,8180,2010-02-23 07:35:00,2,2,132,3.0,3,0,1,0,0,0,1,0,2,1.83,0.0,10478,1,4,62.0,1,True,28.70684931506849,10,1,8180_1
24633,56194,2018-03-16 13:30:00,25,8,1004,3.0,3,0,1,0,0,0,1,6,0,0.0,0.0,10588,1,8,50.0,1,False,29.008219178082197,11,1,56194_1
11508,437316,2017-10-29 13:00:00,8,7,545,3.0,3,0,1,0,0,0,1,0,2,6.0,0.0,9547,5,7,54.0,1,False,26.156164383561645,11,1,437316_1
16168,219889,2019-10-30 08:10:00,2,2,209,3.0,3,0,1,0,0,0,1,6,0,1.7,0.0,12056,1,8,60.0,1,True,33.03013698630137,11,1,219889_1
14153,524049,2015-10-26 11:00:00,40,9,261,3.0,1,0,1,0,0,0,1,5,0,0.0,0.0,8275,6,9,37.0,1,False,22.671232876712327,15,1,524049_1
21882,41434,2010-12-28 06:00:00,7,5,504,3.0,3,0,1,0,0,0,1,0,2,0.0,0.0,11029,1,5,46.0,1,False,30.216438356164385,20,1,41434_1
13085,512191,2021-04-10 12:30:00,7,3,508,3.0,1,0,1,0,0,0,1,6,0,0.0,0.0,11323,3,3,27.0,1,False,31.02191780821918,26,1,512191_1
22350,38699,2020-01-31 07:00:00,5,5,1166,3.0,3,0,1,0,0,0,1,5,2,0.0,0.0,13112,5,6,24.0,1,True,35.92328767123288,37,1,38699_1
22042,25446,2015-06-20 14:30:00,30,29,1801,3.0,1,0,1,0,0,0,1,7,2,5.11,0.0,11389,2,29,34.0,1,False,31.2027397260274,19,1,25446_1
13322,226492,2019-11-08 05:00:00,5,5,453,3.0,3,0,1,0,0,0,1,6,2,0.0,0.0,12092,1,1,27.0,1,True,33.12876712328767,26,1,226492_1
23610,42639,2013-07-27 18:00:00,7,4,680,3.0,1,0,1,0,0,0,1,0,2,0.0,0.0,12201,7,4,46.0,1,False,33.42739726027397,20,1,42639_1
21680,28235,2018-11-25 07:50:00,6,2,132,3.0,3,0,1,0,0,0,1,6,0,0.0,0.0,12043,2,2,41.0,1,False,32.99452054794521,24,1,28235_1
22353,38699,2020-02-02 07:00:00,5,5,2524,3.0,3,0,1,0,0,0,1,5,2,0.0,0.0,13114,5,6,53.0,1,True,35.92876712328767,12,1,38699_1
8608,303427,2017-03-10 08:30:00,29,0,3203,3.0,1,1,1,0,9,0,1,4,2,0.0,0.0,9685,2,40,34.0,1,False,26.534246575342465,19,1,303427_1
7799,56025,2018-06-07 14:30:00,25,0,3416,3.0,3,1,1,0,0,0,1,0,2,0.0,0.0,11811,6,40,45.0,1,False,32.35890410958904,10,1,56025_1
15469,671805,2021-10-21 14:00:00,30,37,3389,3.0,3,0,1,0,0,0,1,6,0,0.0,0.0,10469,1,37,20.0,1,False,28.68219178082192,49,1,671805_1
7309,303423,2022-02-13 06:00:00,29,0,3389,3.0,1,1,1,0,0,0,1,3,2,0.0,0.0,11370,2,27,42.0,1,False,31.15068493150685,21,1,303423_1
7821,56025,2016-01-22 09:00:00,25,25,1930,3.0,1,0,1,0,0,0,1,0,2,0.0,0.0,10944,6,9,54.0,1,True,29.983561643835618,11,1,56025_1
14305,379143,2013-11-22 16:00:00,3,3,174,3.0,3,0,1,0,0,0,1,9,0,0.0,0.0,7645,2,7,26.0,1,True,20.945205479452056,38,1,379143_1
17366,24598,2010-09-05 13:30:00,1,1,644,3.0,1,0,1,0,0,0,1,5,0,5.09,0.0,8761,5,7,38.0,1,True,24.0027397260274,16,1,24598_1
21371,55608,2013-08-24 11:30:00,9,9,260,3.0,1,0,1,0,0,0,1,7,2,0.0,0.0,10973,2,7,41.0,1,True,30.063013698630137,24,1,55608_1
12060,5334,2022-02-15 08:10:00,2,2,757,3.0,3,0,1,0,0,0,1,7,2,1.74,0.0,12874,3,8,35.0,1,True,35.271232876712325,21,1,5334_1
7808,56025,2019-09-15 12:30:00,25,25,2025,3.0,3,0,1,0,0,0,1,0,2,0.0,0.0,12276,4,40,44.0,1,True,33.632876712328766,14,1,56025_1
23767,8291,2011-10-13 16:00:00,2,3,174,3.0,3,0,1,0,0,0,1,5,2,1.87,0.0,10283,5,3,28.0,1,False,28.172602739726027,32,1,8291_1
22101,320652,2015-07-10 13:15:00,40,0,237,3.0,1,1,1,0,0,0,1,5,2,0.0,0.0,10058,3,27,44.0,1,False,27.556164383561644,14,1,320652_1
23934,50710,2009-06-08 16:30:00,8,0,34,3.0,2,1,1,0,0,0,1,9,0,0.0,0.0,11547,3,2,55.0,1,False,31.635616438356163,14,1,50710_1
23643,42639,2013-12-11 16:00:00,7,0,2439,3.0,3,1,1,0,0,0,1,0,2,0.0,0.0,12338,7,8,39.0,1,False,33.8027397260274,30,1,42639_1
21107,643197,2019-08-03 14:00:00,15,15,1122,3.0,1,0,1,0,0,0,1,6,2,0.0,0.0,9283,2,27,51.0,1,True,25.432876712328767,13,1,643197_1
25491,19296,2010-05-16 15:30:00,1,0,199,3.0,1,1,1,0,0,0,1,7,2,6.04,0.0,10915,3,2,47.0,1,False,29.90410958904109,17,1,19296_1
17463,56029,2018-03-16 13:30:00,25,8,1004,3.0,3,0,1,0,0,0,1,9,2,0.0,0.0,11269,4,8,28.0,1,False,30.873972602739727,32,1,56029_1
6004,297433,2020-02-12 16:00:00,1,3,931,3.0,3,0,1,0,0,0,1,9,2,0.0,0.0,11096,3,3,23.0,1,False,30.4,34,1,297433_1
23608,42639,2013-12-13 16:00:00,7,0,2439,3.0,3,1,1,0,0,0,1,0,2,0.0,0.0,12340,6,8,28.0,1,False,33.80821917808219,32,1,42639_1
14138,524049,2016-02-20 09:00:00,40,0,1844,3.0,1,1,1,0,0,0,1,5,0,0.0,0.0,8392,6,37,23.0,1,False,22.991780821917807,34,1,524049_1
137,25913,2015-10-26 11:00:00,40,9,261,3.0,1,0,1,0,0,0,1,0,2,0.0,0.0,11255,5,9,33.0,1,False,30.83561643835617,21,1,25913_1
20378,233514,2014-02-14 11:00:00,8,25,1931,3.0,2,0,1,0,0,0,1,2,0,6.01,0.0,9083,8,25,35.0,1,False,24.88493150684932,21,1,233514_1
5455,307756,2021-10-19 14:00:00,37,37,3389,3.0,3,0,1,0,0,0,1,3,2,0.0,0.0,11916,2,25,40.0,1,True,32.64657534246575,24,1,307756_1
15520,348144,2022-10-13 02:00:00,7,0,93,3.0,1,1,1,0,0,0,1,3,2,0.0,0.0,10225,2,25,55.0,1,False,28.013698630136982,14,1,348144_1
21879,41434,2013-12-11 16:00:00,7,0,2439,3.0,3,1,1,0,0,0,1,0,2,0.0,0.0,12108,3,8,32.0,1,False,33.172602739726024,19,1,41434_1
21126,643197,2022-07-12 11:30:00,15,0,261,3.0,1,1,1,0,0,0,1,6,2,0.0,0.0,10357,2,19,45.0,1,False,28.375342465753423,10,1,643197_1
21601,470699,2015-07-09 13:15:00,15,0,237,3.0,1,1,1,0,0,0,1,5,0,0.0,0.0,8550,3,40,36.0,1,False,23.42465753424657,11,1,470699_1
5465,307756,2022-11-17 12:00:00,37,37,3389,3.0,2,0,1,0,0,0,1,3,2,0.0,0.0,12310,2,154,35.0,1,True,33.726027397260275,21,1,307756_1
14132,524049,2022-03-03 09:00:00,40,25,2025,3.0,2,0,1,0,0,0,1,5,0,0.0,0.0,10595,4,25,27.0,1,False,29.02739726027397,26,1,524049_1
16150,219889,2010-02-28 05:00:00,2,5,152,3.0,3,0,1,0,0,0,1,6,0,1.7,0.0,8525,1,5,20.0,1,False,23.356164383561644,49,1,219889_1
21601,470699,2015-07-09 13:15:00,15,0,237,3.0,1,1,1,0,0,0,1,5,0,0.0,0.0,8550,3,40,36.0,1,False,23.42465753424657,11,1,470699_1
15759,277906,2018-11-04 16:00:00,5,0,2439,3.0,3,1,1,0,0,0,1,7,2,0.0,0.0,10315,4,7,60.0,1,False,28.26027397260274,11,1,277906_1
15757,277906,2021-10-31 14:00:00,5,0,2439,3.0,3,1,1,0,0,0,1,7,2,0.0,0.0,11407,3,6,33.0,1,False,31.252054794520543,21,1,277906_1
12325,325026,2015-08-31 14:00:00,2,1,644,3.0,1,0,1,0,0,0,1,4,2,0.0,0.0,9817,4,1,44.0,1,False,26.895890410958906,14,1,325026_1
13306,226492,2020-12-20 06:00:00,5,5,504,3.0,3,0,1,0,0,0,1,6,2,0.0,0.0,12500,1,7,21.0,1,True,34.24657534246575,35,1,226492_1
24649,56194,2015-11-13 11:00:00,25,25,2025,3.0,2,0,1,0,0,0,1,6,0,0.0,0.0,9734,1,9,31.0,1,True,26.66849315068493,24,1,56194_1
18691,417268,2021-10-21 14:00:00,30,37,3389,3.0,3,0,1,0,0,0,1,9,2,0.0,0.0,10598,3,37,26.0,1,False,29.035616438356165,38,1,417268_1
7797,56025,2017-10-29 12:30:00,25,3,1367,3.0,1,0,1,0,0,0,1,0,2,0.0,0.0,11590,6,3,24.0,1,False,31.753424657534246,37,1,56025_1
22063,25446,2010-02-11 12:00:00,30,0,2439,3.0,2,1,1,0,0,0,1,7,2,5.11,0.0,9434,4,29,43.0,1,False,25.846575342465755,21,1,25446_1
23720,8180,2014-11-07 08:35:00,2,2,61,3.0,3,0,1,0,0,0,1,0,2,1.83,0.0,12196,3,3,30.0,1,True,33.413698630136984,18,1,8180_1
10845,233400,2020-02-29 06:30:00,32,0,2585,3.0,1,1,1,0,0,0,1,7,2,0.0,0.0,10758,2,16,38.0,1,False,29.473972602739725,16,1,233400_1
23946,50710,2010-05-11 17:00:00,8,0,1697,3.0,1,1,1,0,0,0,1,9,0,0.0,0.0,11884,4,6,46.0,1,False,32.558904109589044,20,1,50710_1
18324,604302,2021-07-31 15:00:00,4,4,1986,3.0,1,0,1,0,0,0,1,9,0,0.0,0.0,9434,5,7,62.0,1,True,25.846575342465755,10,1,604302_1
23753,8180,2014-03-14 16:00:00,2,3,902,3.0,3,0,1,0,0,0,1,0,2,1.83,0.0,11958,3,3,35.0,1,False,32.76164383561644,21,1,8180_1
8571,303427,2022-02-12 10:00:00,29,37,3389,3.0,1,0,1,0,0,0,1,4,2,0.0,0.0,11485,1,37,51.0,1,False,31.46575342465753,13,1,303427_1
21886,41434,2015-11-27 16:00:00,7,0,2439,3.0,3,1,1,0,0,0,1,0,2,0.0,0.0,12824,3,1,25.0,1,False,35.134246575342466,33,1,41434_1
7301,303423,2022-06-28 15:30:00,29,29,974,3.0,1,0,1,0,0,0,1,3,2,0.0,0.0,11505,2,6,60.0,1,True,31.52054794520548,11,1,303423_1
15502,348144,2021-04-23 09:00:00,7,9,260,3.0,1,0,1,0,0,0,1,3,2,0.0,0.0,9687,2,9,41.0,1,False,26.53972602739726,24,1,348144_1
8064,820351,2018-12-20 11:00:00,4,25,2025,3.0,2,0,1,0,0,0,1,5,2,0.0,0.0,9281,5,25,50.0,1,False,25.42739726027397,11,1,820351_1
7778,56025,2022-08-02 11:00:00,25,9,260,3.0,1,0,1,0,0,0,1,0,2,0.0,0.0,13328,5,9,27.0,1,False,36.515068493150686,26,1,56025_1
7331,303423,2019-10-25 06:00:00,29,0,2714,3.0,1,1,1,0,0,0,1,3,2,0.0,0.0,10528,3,4083,33.0,1,False,28.843835616438355,21,1,303423_1
13417,323389,2022-11-06 04:00:00,7,0,131,3.0,1,1,1,0,0,0,1,9,2,0.0,0.0,11115,1,25,32.0,1,False,30.45205479452055,19,1,323389_1
12057,5334,2022-04-05 15:30:00,2,7,545,3.0,3,0,1,0,0,0,1,7,2,1.74,0.0,12923,2,7,55.0,1,False,35.40547945205479,14,1,5334_1
21107,643197,2019-08-03 14:00:00,15,15,1122,3.0,1,0,1,0,0,0,1,6,2,0.0,0.0,9283,2,27,51.0,1,True,25.432876712328767,13,1,643197_1
7343,303423,2022-10-21 04:00:00,29,0,905,3.0,2,1,1,0,0,0,1,3,2,0.0,0.0,11620,2,4,37.0,1,False,31.83561643835617,15,1,303423_1
131,25913,2019-02-21 13:00:00,40,0,3416,3.0,1,1,1,0,0,0,1,0,2,0.0,0.0,12469,5,29,49.0,1,False,34.16164383561644,11,1,25913_1
16671,321777,2021-02-13 13:00:00,3,7,545,3.0,3,0,1,0,0,0,1,5,0,0.0,0.0,11571,5,7,25.0,1,False,31.7013698630137,33,1,321777_1
6575,236489,2021-03-20 13:30:00,1,6,840,3.0,3,0,1,0,0,0,1,7,0,6.0,0.0,12252,3,6,68.0,1,False,33.56712328767123,11,1,236489_1
6599,236489,2020-08-30 13:30:00,1,1,75,3.0,1,0,1,0,0,0,1,7,0,6.0,0.0,12050,3,7,54.0,1,True,33.013698630136986,11,1,236489_1
22059,25446,2012-03-18 10:00:00,30,0,2439,3.0,1,1,1,0,0,0,1,7,2,5.11,0.0,10200,4,29,62.0,1,False,27.945205479452056,10,1,25446_1
7410,961407,2019-10-23 10:10:00,29,0,1965,3.0,1,1,1,0,0,0,1,5,2,0.0,0.0,7261,5,17,22.0,1,False,19.893150684931506,46,1,961407_1
15520,348144,2022-10-13 02:00:00,7,0,93,3.0,1,1,1,0,0,0,1,3,2,0.0,0.0,10225,2,25,55.0,1,False,28.013698630136982,14,1,348144_1
21391,55608,2013-03-03 18:00:00,9,4,1985,3.0,1,0,1,0,0,0,1,7,2,0.0,0.0,10799,3,4,53.0,1,False,29.58630136986301,12,1,55608_1
16412,419873,2016-12-16 10:00:00,40,27,2439,3.0,1,0,1,0,0,0,1,9,2,5.03,0.0,10933,1,27,31.0,1,False,29.95342465753425,24,1,419873_1
17291,431901,2019-12-08 13:30:00,4,6,3400,3.0,3,0,1,0,0,0,1,6,0,0.0,0.0,10208,2,6,40.0,1,False,27.96712328767123,24,1,431901_1
16416,419873,2017-03-08 08:30:00,40,0,3203,3.0,1,1,1,0,0,0,1,9,2,5.03,0.0,11015,1,29,47.0,1,False,30.17808219178082,17,1,419873_1
21367,55608,2019-09-18 12:30:00,9,25,1931,3.0,3,0,1,0,0,0,1,7,2,0.0,0.0,13189,2,25,25.0,1,False,36.13424657534247,33,1,55608_1
14965,272450,2022-10-12 08:10:00,2,2,757,3.0,3,0,1,0,0,0,1,0,2,0.0,0.0,11315,3,1,45.0,1,True,31.0,10,1,272450_1
17477,56029,2021-10-17 14:00:00,25,0,3389,3.0,3,1,1,0,0,0,1,9,2,0.0,0.0,12580,4,30,38.0,1,False,34.465753424657535,16,1,56029_1
17676,253802,2012-02-01 08:35:00,6,2,1803,3.0,3,0,1,0,0,0,1,7,2,0.0,0.0,8488,3,2,22.0,1,False,23.254794520547943,46,1,253802_1
14303,379143,2021-07-01 18:00:00,3,4,1131,3.0,1,0,1,0,0,0,1,9,0,0.0,0.0,10423,1,4,60.0,1,False,28.556164383561644,11,1,379143_1
12079,5334,2022-06-08 13:30:00,2,8,1004,3.0,3,0,1,0,0,0,1,7,2,1.74,0.0,12987,1,8,24.0,1,False,35.58082191780822,37,1,5334_1
21245,24609,2014-02-21 19:00:00,29,4,200,3.0,1,0,1,0,0,0,1,9,2,5.1,0.0,10243,4,4,35.0,1,False,28.063013698630137,21,1,24609_1
9849,536936,2020-03-11 12:00:00,25,25,2025,3.0,2,0,1,0,0,0,1,9,2,0.0,0.0,9281,1,9,60.0,1,True,25.42739726027397,11,1,536936_1
20351,233514,2018-02-15 11:00:00,8,25,2025,3.0,3,0,1,0,0,0,1,2,0,6.01,0.0,10545,6,25,39.0,1,False,28.89041095890411,30,1,233514_1
16423,419873,2014-03-18 09:30:00,40,0,1931,3.0,2,1,1,0,0,0,1,9,2,5.03,0.0,9929,2,19,68.0,1,False,27.2027397260274,11,1,419873_1
10842,233400,2015-06-30 15:00:00,32,15,1122,3.0,1,0,1,0,0,0,1,7,2,0.0,0.0,9053,2,15,24.0,1,False,24.8027397260274,37,1,233400_1
22353,38699,2020-02-02 07:00:00,5,5,2524,3.0,3,0,1,0,0,0,1,5,2,0.0,0.0,13114,5,6,53.0,1,True,35.92876712328767,12,1,38699_1
24975,48472,2009-06-08 16:30:00,8,0,34,3.0,2,1,1,0,0,0,1,0,2,0.0,0.0,11925,1,2,53.0,1,False,32.67123287671233,12,1,48472_1
22105,320652,2014-03-20 09:30:00,40,0,1931,3.0,2,1,1,0,0,0,1,5,2,0.0,0.0,9581,7,32,49.0,1,False,26.24931506849315,11,1,320652_1
21125,643197,2022-10-18 04:00:00,15,0,564,3.0,2,1,1,0,0,0,1,6,2,0.0,0.0,10455,1,28,35.0,1,False,28.64383561643836,21,1,643197_1
14998,272450,2018-10-28 16:00:00,2,0,2439,3.0,3,1,1,0,0,0,1,0,2,0.0,0.0,9870,6,7,21.0,1,False,27.04109589041096,35,1,272450_1
22042,25446,2015-06-20 14:30:00,30,29,1801,3.0,1,0,1,0,0,0,1,7,2,5.11,0.0,11389,2,29,34.0,1,False,31.2027397260274,19,1,25446_1
10839,233400,2019-12-09 03:15:00,32,32,1939,3.0,1,0,1,0,0,0,1,7,2,0.0,0.0,10676,2,164,22.0,1,True,29.24931506849315,46,1,233400_1
7301,303423,2022-06-28 15:30:00,29,29,974,3.0,1,0,1,0,0,0,1,3,2,0.0,0.0,11505,2,6,60.0,1,True,31.52054794520548,11,1,303423_1
12298,325026,2018-02-16 06:00:00,2,5,283,3.0,3,0,1,0,0,0,1,4,2,0.0,0.0,10717,4,5,31.0,1,False,29.36164383561644,24,1,325026_1
17270,298438,2021-07-16 17:30:00,1,1,34,3.0,3,0,1,0,0,0,1,6,2,0.0,0.0,11318,2,7,32.0,1,True,31.008219178082197,19,1,298438_1
13302,226492,2021-10-31 14:00:00,5,0,2439,3.0,3,1,1,0,0,0,1,6,2,0.0,0.0,12815,1,6,20.0,1,False,35.10958904109589,49,1,226492_1
24983,48472,2009-09-02 13:30:00,8,8,1004,3.0,3,0,1,0,0,0,1,0,2,0.0,0.0,12011,1,5,57.0,1,True,32.90684931506849,13,1,48472_1
15499,348144,2017-04-02 16:30:00,7,4,208,3.0,1,0,1,0,0,0,1,3,2,0.0,0.0,8205,3,4,38.0,1,False,22.47945205479452,16,1,348144_1
8557,303427,2021-12-22 19:00:00,29,11,2405,3.0,1,0,1,0,0,0,1,4,2,0.0,0.0,11433,1,11,31.0,1,False,31.32328767123288,24,1,303427_1
15751,277906,2020-12-20 06:00:00,5,5,504,3.0,3,0,1,0,0,0,1,7,2,0.0,0.0,11092,3,7,57.0,1,True,30.389041095890413,13,1,277906_1
17472,56029,2013-03-31 13:30:00,25,8,2503,3.0,1,0,1,0,0,0,1,9,2,0.0,0.0,9458,4,8,39.0,1,False,25.912328767123288,30,1,56029_1
6583,236489,2020-11-29 12:30:00,1,3,1031,3.0,1,0,1,0,0,0,1,7,0,6.0,0.0,12141,3,3,55.0,1,False,33.26301369863014,14,1,236489_1
7390,961407,2019-10-05 09:30:00,29,0,3389,3.0,1,1,1,0,0,0,1,5,2,0.0,0.0,7243,5,15,47.0,1,False,19.843835616438355,17,1,961407_1
16151,219889,2009-03-29 16:00:00,2,3,902,3.0,3,0,1,0,0,0,1,6,0,1.7,0.0,8189,2,3,20.0,1,False,22.435616438356163,49,1,219889_1
15457,671805,2021-10-08 09:30:00,30,0,2569,3.0,1,1,1,0,0,0,1,6,0,0.0,0.0,10456,1,20,50.0,1,False,28.646575342465752,11,1,671805_1
23941,50710,2011-06-25 13:30:00,8,1,176,3.0,1,0,1,0,0,0,1,9,0,0.0,0.0,12294,3,1,43.0,1,False,33.68219178082192,21,1,50710_1
7774,56025,2018-02-18 11:00:00,25,25,1564,3.0,3,0,1,0,0,0,1,0,2,0.0,0.0,11702,5,8,41.0,1,True,32.06027397260274,24,1,56025_1
21688,28235,2013-10-10 14:00:00,6,6,2401,3.0,3,0,1,0,0,0,1,6,0,0.0,0.0,10171,2,2,32.0,1,True,27.86575342465753,19,1,28235_1
16411,419873,2018-02-05 15:00:00,40,0,848,3.0,3,1,1,0,0,0,1,9,2,5.03,0.0,11349,1,9,20.0,1,False,31.09315068493151,49,1,419873_1
10835,233400,2020-03-01 02:30:00,32,0,2585,3.0,1,1,1,0,0,0,1,7,2,0.0,0.0,10759,2,19,46.0,1,False,29.476712328767125,20,1,233400_1
16415,419873,2013-11-30 14:00:00,40,0,1965,3.0,3,1,1,0,0,0,1,9,2,5.03,0.0,9821,1,29,38.0,1,False,26.90684931506849,16,1,419873_1
23720,8180,2014-11-07 08:35:00,2,2,61,3.0,3,0,1,0,0,0,1,0,2,1.83,0.0,12196,3,3,30.0,1,True,33.413698630136984,18,1,8180_1
6599,236489,2020-08-30 13:30:00,1,1,75,3.0,1,0,1,0,0,0,1,7,0,6.0,0.0,12050,3,7,54.0,1,True,33.013698630136986,11,1,236489_1
6599,236489,2020-08-30 13:30:00,1,1,75,3.0,1,0,1,0,0,0,1,7,0,6.0,0.0,12050,3,7,54.0,1,True,33.013698630136986,11,1,236489_1
8628,303427,2017-03-12 08:30:00,29,0,3203,3.0,1,1,1,0,0,0,1,4,2,0.0,0.0,9687,1,40,49.0,1,False,26.53972602739726,11,1,303427_1
6583,236489,2020-11-29 12:30:00,1,3,1031,3.0,1,0,1,0,0,0,1,7,0,6.0,0.0,12141,3,3,55.0,1,False,33.26301369863014,14,1,236489_1
15460,671805,2018-06-19 15:00:00,30,15,1122,3.0,1,0,1,0,0,0,1,6,0,0.0,0.0,9249,1,15,46.0,1,False,25.339726027397266,20,1,671805_1
7390,961407,2019-10-05 09:30:00,29,0,3389,3.0,1,1,1,0,0,0,1,5,2,0.0,0.0,7243,5,15,47.0,1,False,19.843835616438355,17,1,961407_1
21688,28235,2013-10-10 14:00:00,6,6,2401,3.0,3,0,1,0,0,0,1,6,0,0.0,0.0,10171,2,2,32.0,1,True,27.86575342465753,19,1,28235_1
14965,272450,2022-10-12 08:10:00,2,2,757,3.0,3,0,1,0,0,0,1,0,2,0.0,0.0,11315,3,1,45.0,1,True,31.0,10,1,272450_1
13876,42657,2021-10-26 14:00:00,7,0,848,3.0,3,1,1,0,0,0,1,0,2,0.0,0.0,14512,5,5,26.0,1,False,39.75890410958904,38,1,42657_1
17277,298438,2017-06-21 17:30:00,1,1,1184,3.0,3,0,1,0,0,0,1,6,2,0.0,0.0,9832,1,3,28.0,1,True,26.936986301369863,32,1,298438_1
13294,226492,2021-11-21 13:30:00,5,6,292,3.0,3,0,1,0,0,0,1,6,2,0.0,0.0,12836,1,6,51.0,1,False,35.16712328767123,13,1,226492_1
8304,56143,2021-07-25 10:30:00,25,9,260,3.0,1,0,1,0,0,0,1,0,0,0.0,0.0,12542,3,9,25.0,1,False,34.36164383561644,33,1,56143_1
6070,308967,2022-07-28 17:30:00,1,1,644,3.0,2,0,1,0,0,0,1,9,2,0.0,0.0,11646,2,3,29.0,1,True,31.90684931506849,23,1,308967_1
6019,297433,2022-07-28 17:30:00,1,1,644,3.0,2,0,1,0,0,0,1,9,2,0.0,0.0,11993,5,3,30.0,1,True,32.85753424657534,18,1,297433_1
25496,19296,2007-09-18 08:00:00,1,0,302,3.0,1,1,1,0,0,0,1,7,2,6.04,0.0,9944,3,5,24.0,1,False,27.24383561643836,37,1,19296_1
21391,55608,2013-03-03 18:00:00,9,4,1985,3.0,1,0,1,0,0,0,1,7,2,0.0,0.0,10799,3,4,53.0,1,False,29.58630136986301,12,1,55608_1
15512,348144,2016-09-23 16:00:00,7,0,2439,3.0,3,1,1,0,0,0,1,3,2,0.0,0.0,8014,3,4,55.0,1,False,21.95616438356164,14,1,348144_1
22934,24611,2012-02-23 10:00:00,29,26,614,3.0,1,0,1,0,0,0,1,3,0,0.0,0.0,10031,1,26,23.0,1,False,27.48219178082192,34,1,24611_1
16416,419873,2017-03-08 08:30:00,40,0,3203,3.0,1,1,1,0,0,0,1,9,2,5.03,0.0,11015,1,29,47.0,1,False,30.17808219178082,17,1,419873_1
11944,230559,2019-12-11 13:30:00,4,6,713,3.0,3,0,1,0,0,0,1,4,2,0.0,0.0,11901,5,6,68.0,1,False,32.605479452054794,11,1,230559_1
13297,226492,2012-12-26 12:30:00,5,3,173,3.0,1,0,1,0,0,0,1,6,2,0.0,0.0,9584,2,3,24.0,1,False,26.257534246575343,37,1,226492_1
13891,42657,2008-10-11 17:30:00,7,0,1545,3.0,1,1,1,0,0,0,1,0,2,0.0,0.0,9749,5,8,42.0,1,False,26.70958904109589,21,1,42657_1
21223,24609,2016-02-06 04:00:00,29,0,2177,3.0,1,1,1,0,0,0,1,9,2,5.1,0.0,10958,4,20,45.0,1,False,30.02191780821918,10,1,24609_1
7776,56025,2013-11-06 07:30:00,25,25,2025,3.0,1,0,1,0,0,0,1,0,2,0.0,0.0,10137,7,5,34.0,1,True,27.77260273972603,19,1,56025_1
18653,25490,2021-10-21 14:00:00,30,37,3389,3.0,3,0,1,0,0,0,1,7,2,0.0,0.0,12620,4,37,31.0,1,False,34.57534246575342,24,1,25490_1
7387,961407,2022-06-28 15:30:00,29,29,974,3.0,1,0,1,0,0,0,1,5,2,0.0,0.0,8240,4,6,39.0,1,True,22.575342465753423,30,1,961407_1
14971,272450,2021-08-06 12:00:00,2,25,2025,3.0,3,0,1,0,0,0,1,0,2,0.0,0.0,10883,3,25,51.0,1,False,29.816438356164383,13,1,272450_1
19638,24605,2012-03-23 06:00:00,29,0,2439,3.0,1,1,1,0,0,0,1,4,2,0.0,0.0,10246,5,15,30.0,1,False,28.07123287671233,18,1,24605_1
23648,42639,2009-06-13 16:30:00,7,0,45,3.0,2,1,1,0,0,0,1,0,2,0.0,0.0,10696,5,5,29.0,1,False,29.304109589041097,23,1,42639_1
8316,56143,2015-07-05 07:00:00,25,25,2025,3.0,1,0,1,0,0,0,1,0,0,0.0,0.0,10330,3,3,26.0,1,True,28.301369863013697,38,1,56143_1
13402,323389,2021-07-18 13:30:00,7,1,179,3.0,1,0,1,0,0,0,1,9,2,0.0,0.0,10639,1,1,37.0,1,False,29.14794520547945,15,1,323389_1
6600,236489,2021-11-06 14:00:00,1,0,848,3.0,3,1,1,0,0,0,1,7,0,6.0,0.0,12483,5,3,33.0,1,False,34.2,21,1,236489_1
12088,5334,2014-03-14 16:00:00,2,3,902,3.0,3,0,1,0,0,0,1,7,2,1.74,0.0,9979,1,3,39.0,1,False,27.339726027397266,30,1,5334_1
17256,298438,2021-03-18 13:30:00,1,6,840,3.0,3,0,1,0,0,0,1,6,2,0.0,0.0,11198,1,6,40.0,1,False,30.67945205479452,24,1,298438_1
22925,24611,2010-02-09 08:00:00,29,0,2439,3.0,1,1,1,0,0,0,1,3,0,0.0,0.0,9287,1,40,35.0,1,False,25.44383561643836,21,1,24611_1
6597,236489,2022-09-28 14:30:00,1,7,545,3.0,3,0,1,0,0,0,1,7,0,6.0,0.0,12809,3,7,36.0,1,False,35.09315068493151,11,1,236489_1
18675,417268,2015-06-18 16:30:00,30,29,1801,3.0,1,0,1,0,0,0,1,9,2,0.0,0.0,8281,3,29,60.0,1,False,22.687671232876717,11,1,417268_1
18661,25490,2018-06-19 15:00:00,30,15,1122,3.0,1,0,1,0,0,0,1,7,2,0.0,0.0,11400,3,15,49.0,1,False,31.232876712328768,11,1,25490_1
22354,38699,2009-02-25 06:00:00,5,5,152,3.0,3,0,1,0,0,0,1,5,2,0.0,0.0,9120,4,6,31.0,1,True,24.98630136986301,24,1,38699_1
17459,56029,2010-05-05 17:00:00,25,0,199,3.0,1,1,1,0,0,0,1,9,2,0.0,0.0,8397,6,2,24.0,1,False,23.005479452054796,37,1,56029_1
14153,524049,2015-10-26 11:00:00,40,9,261,3.0,1,0,1,0,0,0,1,5,0,0.0,0.0,8275,6,9,37.0,1,False,22.671232876712327,15,1,524049_1
6013,297433,2020-08-30 13:30:00,1,1,75,3.0,1,0,1,0,0,0,1,9,2,0.0,0.0,11296,2,7,44.0,1,True,30.947945205479453,14,1,297433_1
14965,272450,2022-10-12 08:10:00,2,2,757,3.0,3,0,1,0,0,0,1,0,2,0.0,0.0,11315,3,1,45.0,1,True,31.0,10,1,272450_1
13077,512191,2021-11-20 08:00:00,7,25,2025,3.0,1,0,1,0,0,0,1,6,0,0.0,0.0,11547,3,25,57.0,1,False,31.635616438356163,13,1,512191_1
13294,226492,2021-11-21 13:30:00,5,6,292,3.0,3,0,1,0,0,0,1,6,2,0.0,0.0,12836,1,6,51.0,1,False,35.16712328767123,13,1,226492_1
13313,226492,2009-06-16 12:30:00,5,0,34,3.0,1,1,1,0,0,0,1,6,2,0.0,0.0,8295,3,8,43.0,1,False,22.726027397260275,21,1,226492_1
26002,44932,2009-03-27 16:00:00,3,3,508,3.0,3,0,1,0,0,0,1,4,0,0.0,0.0,9113,4,2,21.0,1,True,24.96712328767123,35,1,44932_1
16416,419873,2017-03-08 08:30:00,40,0,3203,3.0,1,1,1,0,0,0,1,9,2,5.03,0.0,11015,1,29,47.0,1,False,30.17808219178082,17,1,419873_1
17585,422108,2021-11-08 14:00:00,6,0,2439,3.0,3,1,1,0,0,0,1,9,2,0.0,0.0,10796,1,28,54.0,1,False,29.578082191780823,11,1,422108_1
15503,348144,2018-11-02 16:00:00,7,0,2439,3.0,3,1,1,0,0,0,1,3,2,0.0,0.0,8784,2,5,40.0,1,False,24.065753424657533,24,1,348144_1
14143,524049,2022-06-11 11:00:00,40,9,260,3.0,1,0,1,0,0,0,1,5,0,0.0,0.0,10695,5,9,44.0,1,False,29.301369863013697,14,1,524049_1
21691,28235,2020-12-08 08:10:00,6,2,132,3.0,3,0,1,0,0,0,1,6,0,0.0,0.0,12787,2,2,28.0,1,False,35.032876712328765,32,1,28235_1
19670,24605,2021-08-29 11:00:00,29,29,613,3.0,1,0,1,0,0,0,1,4,2,0.0,0.0,13692,2,9,60.0,1,True,37.512328767123286,11,1,24605_1
18634,25490,2018-06-16 15:00:00,30,0,1123,3.0,1,1,1,0,0,0,1,7,2,0.0,0.0,11397,3,29,29.0,1,False,31.22465753424657,23,1,25490_1
18276,1233053,2021-10-24 08:00:00,114,0,1870,3.0,1,1,1,0,0,0,1,8,2,0.0,0.0,8616,2,18,62.0,1,False,23.605479452054794,10,1,1233053_1
7748,56025,2021-10-29 10:00:00,25,0,848,3.0,1,1,1,0,0,0,1,0,2,0.0,0.0,13051,6,4,31.0,1,False,35.75616438356165,24,1,56025_1
8574,303427,2021-10-07 05:00:00,29,27,2569,3.0,1,0,1,0,0,0,1,4,2,0.0,0.0,11357,1,27,53.0,1,False,31.115068493150684,12,1,303427_1
151,25913,2010-02-04 04:30:00,40,0,679,3.0,1,1,1,0,0,0,1,0,2,0.0,0.0,9165,6,17,23.0,1,False,25.10958904109589,34,1,25913_1
22930,24611,2010-02-01 08:30:00,29,0,416,3.0,1,1,1,0,0,0,1,3,0,0.0,0.0,9279,1,40,46.0,1,False,25.421917808219177,20,1,24611_1
10844,233400,2022-08-28 06:00:00,32,26,700,3.0,1,0,1,0,0,0,1,7,2,0.0,0.0,11669,3,26,46.0,1,False,31.96986301369863,20,1,233400_1
4769,350629,2022-08-23 15:30:00,19,0,3389,3.0,3,1,1,0,0,0,1,0,2,0.0,0.0,11003,2,38,50.0,1,False,30.145205479452056,11,1,350629_1
17693,253802,2018-07-08 13:00:00,6,1,176,3.0,1,0,1,0,0,0,1,7,2,0.0,0.0,10837,4,1,43.0,1,False,29.69041095890411,21,1,253802_1
8062,820351,2019-08-04 14:30:00,4,0,2405,3.0,1,1,1,0,9,0,1,5,2,0.0,0.0,9508,4,6,54.0,1,False,26.04931506849315,11,1,820351_1
13879,42657,2017-03-26 16:30:00,7,4,199,3.0,1,0,1,0,0,0,1,0,2,0.0,0.0,12837,5,4,38.0,1,False,35.16986301369863,16,1,42657_1
14156,524049,2019-11-14 13:30:00,40,0,3355,3.0,3,1,1,0,0,0,1,5,0,0.0,0.0,9755,5,4,27.0,1,False,26.726027397260275,26,1,524049_1
22105,320652,2014-03-20 09:30:00,40,0,1931,3.0,2,1,1,0,0,0,1,5,2,0.0,0.0,9581,7,32,49.0,1,False,26.24931506849315,11,1,320652_1
13341,226492,2010-12-26 01:00:00,5,5,283,3.0,1,0,1,0,0,0,1,6,2,0.0,0.0,8853,2,7,54.0,1,True,24.254794520547943,11,1,226492_1
20324,53116,2020-01-15 17:00:00,4,4,1131,3.0,1,0,1,0,0,0,1,7,2,0.0,0.0,12773,1,29,22.0,1,True,34.99452054794521,46,1,53116_1
20349,233514,2010-05-23 16:00:00,8,0,2405,3.0,1,1,1,0,0,0,1,2,0,6.01,0.0,7720,3,5,24.0,1,False,21.15068493150685,37,1,233514_1
17298,431901,2021-07-31 15:00:00,4,4,1986,3.0,1,0,1,0,0,0,1,6,0,0.0,0.0,10809,2,7,35.0,1,True,29.613698630136987,21,1,431901_1
14139,524049,2016-02-19 09:00:00,40,0,1844,3.0,1,1,1,0,0,0,1,5,0,0.0,0.0,8391,7,27,21.0,1,False,22.98904109589041,35,1,524049_1
5459,307756,2019-10-27 10:10:00,37,0,1965,3.0,1,1,1,0,0,0,1,3,2,0.0,0.0,11193,1,4083,29.0,1,False,30.66575342465753,23,1,307756_1
18685,417268,2015-07-11 09:00:00,30,30,237,3.0,1,0,1,0,0,0,1,9,2,0.0,0.0,8304,4,15,22.0,1,True,22.75068493150685,46,1,417268_1
11494,437316,2022-09-01 14:00:00,8,0,2439,3.0,3,1,1,0,0,0,1,0,2,6.0,0.0,11315,6,25,45.0,1,False,31.0,10,1,437316_1
14162,524049,2020-03-06 08:30:00,40,0,3203,3.0,1,1,1,0,9,0,1,5,0,0.0,0.0,9868,6,29,42.0,1,False,27.035616438356165,21,1,524049_1
11494,437316,2022-09-01 14:00:00,8,0,2439,3.0,3,1,1,0,0,0,1,0,2,6.0,0.0,11315,6,25,45.0,1,False,31.0,10,1,437316_1
16423,419873,2014-03-18 09:30:00,40,0,1931,3.0,2,1,1,0,0,0,1,9,2,5.03,0.0,9929,2,19,68.0,1,False,27.2027397260274,11,1,419873_1
14303,379143,2021-07-01 18:00:00,3,4,1131,3.0,1,0,1,0,0,0,1,9,0,0.0,0.0,10423,1,4,60.0,1,False,28.556164383561644,11,1,379143_1
5462,307756,2016-03-13 14:00:00,37,0,1920,3.0,3,1,1,0,9,0,1,3,2,0.0,0.0,9870,3,25,25.0,1,False,27.04109589041096,33,1,307756_1
15520,348144,2022-10-13 02:00:00,7,0,93,3.0,1,1,1,0,0,0,1,3,2,0.0,0.0,10225,2,25,55.0,1,False,28.013698630136982,14,1,348144_1
8064,820351,2018-12-20 11:00:00,4,25,2025,3.0,2,0,1,0,0,0,1,5,2,0.0,0.0,9281,5,25,50.0,1,False,25.42739726027397,11,1,820351_1
13905,42657,2007-09-04 11:00:00,7,26,700,3.0,1,0,1,0,0,0,1,0,2,0.0,0.0,9346,1,26,42.0,1,False,25.605479452054794,21,1,42657_1
15505,348144,2017-03-26 16:30:00,7,4,199,3.0,1,0,1,0,0,0,1,3,2,0.0,0.0,8198,3,4,29.0,1,False,22.46027397260274,23,1,348144_1
17657,34102,2009-06-16 16:30:00,6,0,34,3.0,2,1,1,0,0,0,1,7,2,0.0,0.0,8083,2,3,29.0,1,False,22.145205479452056,23,1,34102_1
17289,431901,2021-06-29 18:00:00,4,4,1131,3.0,1,0,1,0,0,0,1,6,0,0.0,0.0,10777,1,3,27.0,1,True,29.526027397260275,26,1,431901_1
9849,536936,2020-03-11 12:00:00,25,25,2025,3.0,2,0,1,0,0,0,1,9,2,0.0,0.0,9281,1,9,60.0,1,True,25.42739726027397,11,1,536936_1
13294,226492,2021-11-21 13:30:00,5,6,292,3.0,3,0,1,0,0,0,1,6,2,0.0,0.0,12836,1,6,51.0,1,False,35.16712328767123,13,1,226492_1
6575,236489,2021-03-20 13:30:00,1,6,840,3.0,3,0,1,0,0,0,1,7,0,6.0,0.0,12252,3,6,68.0,1,False,33.56712328767123,11,1,236489_1
14972,272450,2021-08-03 12:00:00,2,25,2025,3.0,3,0,1,0,0,0,1,0,2,0.0,0.0,10880,3,25,45.0,1,False,29.80821917808219,10,1,272450_1
15751,277906,2020-12-20 06:00:00,5,5,504,3.0,3,0,1,0,0,0,1,7,2,0.0,0.0,11092,3,7,57.0,1,True,30.389041095890413,13,1,277906_1
8610,303427,2015-07-13 13:15:00,29,29,1409,3.0,1,0,1,0,0,0,1,4,2,0.0,0.0,9079,2,32,29.0,1,True,24.873972602739727,23,1,303427_1
17279,298438,2021-06-23 17:30:00,1,1,644,3.0,3,0,1,0,0,0,1,6,2,0.0,0.0,11295,1,8,36.0,1,True,30.945205479452056,11,1,298438_1
8371,56143,2021-08-04 12:00:00,25,25,2025,3.0,3,0,1,0,0,0,1,0,0,0.0,0.0,12552,3,2,26.0,1,True,34.38904109589041,38,1,56143_1
15456,671805,2021-11-03 10:00:00,30,0,2439,3.0,1,1,1,0,0,0,1,6,0,0.0,0.0,10482,1,5,22.0,1,False,28.71780821917808,46,1,671805_1
21387,55608,2014-03-19 09:30:00,9,0,1564,3.0,2,1,1,0,0,0,1,7,2,0.0,0.0,11180,1,15,43.0,1,False,30.63013698630137,21,1,55608_1
15762,277906,2014-03-31 13:30:00,5,0,1931,3.0,3,1,1,0,0,0,1,7,2,0.0,0.0,8636,2,8,42.0,1,False,23.660273972602734,21,1,277906_1
8574,303427,2021-10-07 05:00:00,29,27,2569,3.0,1,0,1,0,0,0,1,4,2,0.0,0.0,11357,1,27,53.0,1,False,31.115068493150684,12,1,303427_1
21823,41434,2020-12-22 06:00:00,7,5,453,3.0,3,0,1,0,0,0,1,0,2,0.0,0.0,14676,3,5,41.0,1,False,40.20821917808219,24,1,41434_1
8628,303427,2017-03-12 08:30:00,29,0,3203,3.0,1,1,1,0,0,0,1,4,2,0.0,0.0,9687,1,40,49.0,1,False,26.53972602739726,11,1,303427_1
15768,277906,2016-01-10 02:00:00,5,5,283,3.0,1,0,1,0,0,0,1,7,2,0.0,0.0,9286,2,8,32.0,1,True,25.44109589041096,19,1,277906_1
17461,56029,2021-09-05 10:00:00,25,25,2025,3.0,2,0,1,0,0,0,1,9,2,0.0,0.0,12538,5,5,20.0,1,True,34.35068493150685,49,1,56029_1
12074,5334,2022-09-20 13:30:00,2,6,1015,3.0,3,0,1,0,0,0,1,7,2,1.74,0.0,13091,1,6,22.0,1,False,35.865753424657534,46,1,5334_1
23934,50710,2009-06-08 16:30:00,8,0,34,3.0,2,1,1,0,0,0,1,9,0,0.0,0.0,11547,3,2,55.0,1,False,31.635616438356163,14,1,50710_1
9822,536936,2018-12-22 11:00:00,25,25,2025,3.0,2,0,1,0,0,0,1,9,2,0.0,0.0,8836,2,4,43.0,1,True,24.208219178082192,21,1,536936_1
13294,226492,2021-11-21 13:30:00,5,6,292,3.0,3,0,1,0,0,0,1,6,2,0.0,0.0,12836,1,6,51.0,1,False,35.16712328767123,13,1,226492_1
15515,348144,2019-10-09 13:30:00,7,7,545,3.0,3,0,1,0,0,0,1,3,2,0.0,0.0,9125,2,8,27.0,1,True,25.0,26,1,348144_1
16162,219889,2021-11-11 14:00:00,2,0,2439,3.0,3,1,1,0,0,0,1,6,0,1.7,0.0,12799,1,7,49.0,1,False,35.06575342465754,11,1,219889_1
6583,236489,2020-11-29 12:30:00,1,3,1031,3.0,1,0,1,0,0,0,1,7,0,6.0,0.0,12141,3,3,55.0,1,False,33.26301369863014,14,1,236489_1
6597,236489,2022-09-28 14:30:00,1,7,545,3.0,3,0,1,0,0,0,1,7,0,6.0,0.0,12809,3,7,36.0,1,False,35.09315068493151,11,1,236489_1
13892,42657,2007-09-20 12:00:00,7,0,174,3.0,1,1,1,0,0,0,1,0,2,0.0,0.0,9362,6,25,21.0,1,False,25.649315068493152,35,1,42657_1
7304,303423,2019-10-05 09:30:00,29,0,3389,3.0,1,1,1,0,0,0,1,3,2,0.0,0.0,10508,3,15,32.0,1,False,28.78904109589041,19,1,303423_1
11944,230559,2019-12-11 13:30:00,4,6,713,3.0,3,0,1,0,0,0,1,4,2,0.0,0.0,11901,5,6,68.0,1,False,32.605479452054794,11,1,230559_1
22046,25446,2018-06-16 15:00:00,30,0,1123,3.0,1,1,1,0,0,0,1,7,2,5.11,0.0,12481,2,29,33.0,1,False,34.1945205479452,21,1,25446_1
9826,536936,2022-10-12 02:00:00,25,5,93,3.0,1,0,1,0,0,0,1,9,2,0.0,0.0,10226,2,5,23.0,1,False,28.016438356164382,34,1,536936_1
15768,277906,2016-01-10 02:00:00,5,5,283,3.0,1,0,1,0,0,0,1,7,2,0.0,0.0,9286,2,8,32.0,1,True,25.44109589041096,19,1,277906_1
6597,236489,2022-09-28 14:30:00,1,7,545,3.0,3,0,1,0,0,0,1,7,0,6.0,0.0,12809,3,7,36.0,1,False,35.09315068493151,11,1,236489_1
26041,44932,2013-11-22 16:00:00,3,3,174,3.0,3,0,1,0,0,0,1,4,0,0.0,0.0,10814,5,7,47.0,1,True,29.627397260273973,17,1,44932_1
8355,56143,2022-07-03 17:30:00,25,4,629,3.0,1,0,1,0,0,0,1,0,0,0.0,0.0,12885,3,4,68.0,1,False,35.3013698630137,11,1,56143_1
15266,55870,2019-09-20 12:30:00,9,0,1931,3.0,3,1,1,0,0,0,1,5,0,0.0,0.0,12047,4,40,21.0,1,False,33.00547945205479,35,1,55870_1
16413,419873,2015-10-26 11:00:00,40,9,261,3.0,1,0,1,0,0,0,1,9,2,5.03,0.0,10516,1,9,34.0,1,False,28.81095890410959,19,1,419873_1
17609,34102,2019-02-08 06:00:00,6,5,283,3.0,3,0,1,0,0,0,1,7,2,0.0,0.0,11607,1,5,50.0,1,False,31.8,11,1,34102_1
131,25913,2019-02-21 13:00:00,40,0,3416,3.0,1,1,1,0,0,0,1,0,2,0.0,0.0,12469,5,29,49.0,1,False,34.16164383561644,11,1,25913_1
24633,56194,2018-03-16 13:30:00,25,8,1004,3.0,3,0,1,0,0,0,1,6,0,0.0,0.0,10588,1,8,50.0,1,False,29.008219178082197,11,1,56194_1
6591,236489,2020-09-06 13:15:00,1,1,1184,3.0,1,0,1,0,0,0,1,7,0,6.0,0.0,12057,3,2,42.0,1,True,33.032876712328765,21,1,236489_1
8356,56143,2022-07-02 17:30:00,25,4,629,3.0,1,0,1,0,0,0,1,0,0,0.0,0.0,12884,3,4,29.0,1,False,35.298630136986304,23,1,56143_1
19671,24605,2021-08-27 11:00:00,29,29,613,3.0,1,0,1,0,0,0,1,4,2,0.0,0.0,13690,2,9,25.0,1,True,37.50684931506849,33,1,24605_1
12070,5334,2018-07-02 08:00:00,2,0,260,3.0,1,1,1,0,0,0,1,7,2,1.74,0.0,11550,2,7,68.0,1,False,31.64383561643836,11,1,5334_1
7791,56025,2021-10-17 14:00:00,25,0,3389,3.0,3,1,1,0,0,0,1,0,2,0.0,0.0,13039,5,30,23.0,1,False,35.723287671232875,34,1,56025_1
22059,25446,2012-03-18 10:00:00,30,0,2439,3.0,1,1,1,0,0,0,1,7,2,5.11,0.0,10200,4,29,62.0,1,False,27.945205479452056,10,1,25446_1
18675,417268,2015-06-18 16:30:00,30,29,1801,3.0,1,0,1,0,0,0,1,9,2,0.0,0.0,8281,3,29,60.0,1,False,22.687671232876717,11,1,417268_1
13901,42657,2016-09-27 16:00:00,7,0,1965,3.0,3,1,1,0,0,0,1,0,2,0.0,0.0,12657,4,4,43.0,1,False,34.676712328767124,21,1,42657_1
7802,56025,2015-11-13 11:00:00,25,25,2025,3.0,2,0,1,0,0,0,1,0,2,0.0,0.0,10874,6,9,22.0,1,True,29.791780821917808,46,1,56025_1
18638,25490,2015-07-12 13:15:00,30,30,237,3.0,1,0,1,0,0,0,1,7,2,0.0,0.0,10327,5,40,24.0,1,True,28.293150684931508,37,1,25490_1
21611,470699,2019-10-29 10:10:00,15,27,2439,3.0,1,0,1,0,0,0,1,5,0,0.0,0.0,10123,2,27,41.0,1,False,27.734246575342464,24,1,470699_1
13397,323389,2021-11-20 08:00:00,7,25,2025,3.0,1,0,1,0,0,0,1,9,2,0.0,0.0,10764,1,25,39.0,1,False,29.49041095890411,30,1,323389_1
16431,419873,2018-06-05 14:30:00,40,0,3416,3.0,3,1,1,0,0,0,1,9,2,5.03,0.0,11469,1,25,24.0,1,False,31.421917808219177,37,1,419873_1
21885,41434,2006-08-28 14:00:00,7,1,176,3.0,1,0,1,0,0,0,1,0,2,0.0,0.0,9446,2,1,46.0,1,False,25.87945205479452,20,1,41434_1
21844,41434,2020-11-07 10:30:00,7,7,1001,3.0,2,0,1,0,0,0,1,0,2,0.0,0.0,14631,4,9,36.0,1,True,40.08493150684932,11,1,41434_1
16434,419873,2015-10-28 11:00:00,40,9,261,3.0,1,0,1,0,0,0,1,9,2,5.03,0.0,10518,1,9,24.0,1,False,28.816438356164383,37,1,419873_1
18354,604302,2022-01-22 20:00:00,4,4,199,3.0,2,0,1,0,0,0,1,9,0,0.0,0.0,9609,3,1,27.0,1,True,26.326027397260276,26,1,604302_1
7324,303423,2021-10-20 14:00:00,29,0,1965,3.0,3,1,1,0,0,0,1,3,2,0.0,0.0,11254,3,8,41.0,1,False,30.832876712328765,24,1,303423_1
9842,536936,2018-03-10 13:30:00,25,8,1004,3.0,3,0,1,0,0,0,1,9,2,0.0,0.0,8549,2,8,43.0,1,False,23.421917808219177,21,1,536936_1
16425,419873,2017-01-14 15:00:00,40,0,1965,3.0,3,1,1,0,0,0,1,9,2,5.03,0.0,10962,1,29,29.0,1,False,30.03287671232877,23,1,419873_1
21685,28235,2019-02-08 06:00:00,6,5,283,3.0,3,0,1,0,0,0,1,6,0,0.0,0.0,12118,2,5,30.0,1,False,33.2,18,1,28235_1
14143,524049,2022-06-11 11:00:00,40,9,260,3.0,1,0,1,0,0,0,1,5,0,0.0,0.0,10695,5,9,44.0,1,False,29.301369863013697,14,1,524049_1
8588,303427,2022-06-28 15:30:00,29,29,974,3.0,1,0,1,0,0,0,1,4,2,0.0,0.0,11621,1,6,40.0,1,True,31.83835616438356,24,1,303427_1
21223,24609,2016-02-06 04:00:00,29,0,2177,3.0,1,1,1,0,0,0,1,9,2,5.1,0.0,10958,4,20,45.0,1,False,30.02191780821918,10,1,24609_1
7810,56025,2018-03-10 13:30:00,25,8,1004,3.0,3,0,1,0,0,0,1,0,2,0.0,0.0,11722,5,8,20.0,1,False,32.11506849315069,49,1,56025_1
26001,44932,2009-06-18 16:30:00,3,0,34,3.0,2,1,1,0,0,0,1,4,0,0.0,0.0,9196,5,7,44.0,1,False,25.194520547945206,14,1,44932_1
8602,303427,2022-02-18 10:00:00,29,0,3389,3.0,1,1,1,0,0,0,1,4,2,0.0,0.0,11491,1,27,32.0,1,False,31.48219178082192,19,1,303427_1
14967,272450,2020-09-08 17:00:00,2,1,1184,3.0,3,0,1,0,0,0,1,0,2,0.0,0.0,10551,6,1,39.0,1,False,28.90684931506849,30,1,272450_1
21607,470699,2019-11-02 15:30:00,15,0,2439,3.0,3,1,1,0,0,0,1,5,0,0.0,0.0,10127,2,20,41.0,1,False,27.745205479452054,24,1,470699_1
16163,219889,2019-11-01 08:10:00,2,2,61,3.0,3,0,1,0,0,0,1,6,0,1.7,0.0,12058,2,8,57.0,1,True,33.035616438356165,13,1,219889_1
127,25913,2021-11-03 14:00:00,40,0,1965,3.0,3,1,1,0,0,0,1,0,2,0.0,0.0,13455,6,6,35.0,1,False,36.86301369863013,21,1,25913_1
21377,55608,2016-01-17 09:00:00,9,25,1930,3.0,1,0,1,0,0,0,1,7,2,0.0,0.0,11849,2,25,30.0,1,False,32.463013698630135,18,1,55608_1
22062,25446,2018-06-19 15:00:00,30,15,1122,3.0,1,0,1,0,0,0,1,7,2,5.11,0.0,12484,2,15,42.0,1,False,34.2027397260274,21,1,25446_1
6002,297433,2019-03-10 20:00:00,1,4,576,3.0,2,0,1,0,0,0,1,9,2,0.0,0.0,10757,2,4,37.0,1,False,29.471232876712328,15,1,297433_1
4769,350629,2022-08-23 15:30:00,19,0,3389,3.0,3,1,1,0,0,0,1,0,2,0.0,0.0,11003,2,38,50.0,1,False,30.145205479452056,11,1,350629_1
8071,820351,2022-02-20 13:30:00,4,6,292,3.0,3,0,1,0,0,0,1,5,2,0.0,0.0,10439,4,6,25.0,1,False,28.6,33,1,820351_1
21590,470699,2019-02-15 05:15:00,15,37,3389,3.0,1,0,1,0,0,0,1,5,0,0.0,0.0,9867,3,37,50.0,1,False,27.03287671232877,11,1,470699_1
18620,25490,2016-03-10 09:30:00,30,0,2399,3.0,2,1,1,0,0,0,1,7,2,0.0,0.0,10569,5,9,36.0,1,False,28.95616438356164,11,1,25490_1
17028,436677,2017-01-08 02:00:00,25,5,2524,3.0,1,0,1,0,0,0,1,5,0,5.1,0.0,8718,2,5,42.0,1,False,23.88493150684932,21,1,436677_1
22059,25446,2012-03-18 10:00:00,30,0,2439,3.0,1,1,1,0,0,0,1,7,2,5.11,0.0,10200,4,29,62.0,1,False,27.945205479452056,10,1,25446_1
16950,249866,2013-06-25 17:30:00,1,1,45,3.0,3,0,1,0,0,0,1,6,2,6.05,0.0,8939,2,5,39.0,1,True,24.49041095890411,30,1,249866_1
24640,56194,2012-07-24 14:00:00,25,0,2536,3.0,1,1,1,0,0,0,1,6,0,0.0,0.0,8527,1,30,26.0,1,False,23.36164383561644,38,1,56194_1
22112,320652,2017-01-20 06:00:00,40,0,2439,3.0,1,1,1,0,0,0,1,5,2,0.0,0.0,10618,3,37,25.0,1,False,29.09041095890411,33,1,320652_1
7422,961407,2019-09-17 12:30:00,29,29,974,3.0,1,0,1,0,0,0,1,5,2,0.0,0.0,7225,4,30,21.0,1,True,19.794520547945204,35,1,961407_1
13402,323389,2021-07-18 13:30:00,7,1,179,3.0,1,0,1,0,0,0,1,9,2,0.0,0.0,10639,1,1,37.0,1,False,29.14794520547945,15,1,323389_1
18278,1233053,2022-05-15 06:30:00,114,0,1870,3.0,1,1,1,0,0,0,1,8,2,0.0,0.0,8819,2,18,41.0,1,False,24.16164383561644,24,1,1233053_1
18620,25490,2016-03-10 09:30:00,30,0,2399,3.0,2,1,1,0,0,0,1,7,2,0.0,0.0,10569,5,9,36.0,1,False,28.95616438356164,11,1,25490_1
18266,1233053,2021-10-23 06:00:00,114,0,1870,3.0,1,1,1,0,0,0,1,8,2,0.0,0.0,8615,4,18,42.0,1,False,23.6027397260274,21,1,1233053_1
17481,56029,2019-09-21 12:30:00,25,25,1931,3.0,3,0,1,0,0,0,1,9,2,0.0,0.0,11823,4,40,26.0,1,True,32.391780821917806,38,1,56029_1
13399,323389,2021-10-26 14:00:00,7,0,848,3.0,3,1,1,0,0,0,1,9,2,0.0,0.0,10739,1,5,33.0,1,False,29.421917808219177,21,1,323389_1
18276,1233053,2021-10-24 08:00:00,114,0,1870,3.0,1,1,1,0,0,0,1,8,2,0.0,0.0,8616,2,18,62.0,1,False,23.605479452054794,10,1,1233053_1
24624,56194,2018-03-14 13:30:00,25,0,1004,3.0,3,1,1,0,0,0,1,6,0,0.0,0.0,10586,1,6,27.0,1,False,29.0027397260274,26,1,56194_1
18345,604302,2022-01-23 20:00:00,4,4,199,3.0,2,0,1,0,0,0,1,9,0,0.0,0.0,9610,3,1,24.0,1,True,26.328767123287676,37,1,604302_1
13867,42657,2012-12-25 13:30:00,7,6,683,3.0,3,0,1,0,0,0,1,0,2,0.0,0.0,11285,5,6,57.0,1,False,30.91780821917808,13,1,42657_1
17599,422108,2020-01-07 13:30:00,6,6,1055,3.0,3,0,1,0,0,0,1,9,2,0.0,0.0,10125,1,8,45.0,1,True,27.73972602739726,10,1,422108_1
20304,53116,2021-03-07 22:00:00,4,4,1675,3.0,3,0,1,0,0,0,1,7,2,0.0,0.0,13190,1,8,26.0,1,True,36.136986301369866,38,1,53116_1
13865,42657,2017-10-26 16:00:00,7,0,1965,3.0,3,1,1,0,0,0,1,0,2,0.0,0.0,13051,4,8,42.0,1,False,35.75616438356165,21,1,42657_1
13419,323389,2021-11-22 08:00:00,7,25,2025,3.0,1,0,1,0,0,0,1,9,2,0.0,0.0,10766,1,25,40.0,1,False,29.495890410958904,24,1,323389_1
6574,236489,2021-07-20 17:30:00,1,1,75,3.0,3,0,1,0,0,0,1,7,0,6.0,0.0,12374,3,7,31.0,1,True,33.9013698630137,24,1,236489_1
13904,42657,2007-09-22 11:00:00,7,0,174,3.0,1,1,1,0,0,0,1,0,2,0.0,0.0,9364,4,5,26.0,1,False,25.654794520547945,38,1,42657_1
17653,34102,2022-09-23 13:30:00,6,6,2399,3.0,3,0,1,0,0,0,1,7,2,0.0,0.0,12930,2,2,46.0,1,True,35.42465753424658,20,1,34102_1
19651,24605,2019-02-23 13:00:00,29,0,3416,3.0,1,1,1,0,0,0,1,4,2,0.0,0.0,12774,2,40,37.0,1,False,34.9972602739726,15,1,24605_1
26007,44932,2007-09-15 16:00:00,3,3,174,3.0,3,0,1,0,0,0,1,4,0,0.0,0.0,8554,2,25,36.0,1,True,23.435616438356163,11,1,44932_1
13879,42657,2017-03-26 16:30:00,7,4,199,3.0,1,0,1,0,0,0,1,0,2,0.0,0.0,12837,5,4,38.0,1,False,35.16986301369863,16,1,42657_1
18672,417268,2017-01-20 10:30:00,30,0,2439,3.0,1,1,1,0,0,0,1,9,2,0.0,0.0,8863,2,29,35.0,1,False,24.28219178082192,21,1,417268_1
16947,249866,2022-09-20 14:30:00,1,7,487,3.0,3,0,1,0,0,0,1,6,2,6.05,0.0,12313,2,7,53.0,1,False,33.73424657534247,12,1,249866_1
13087,512191,2018-07-04 08:00:00,7,9,260,3.0,1,0,1,0,0,0,1,6,0,0.0,0.0,10312,1,9,47.0,1,False,28.252054794520543,17,1,512191_1
14964,272450,2021-11-11 14:00:00,2,0,2439,3.0,3,1,1,0,0,0,1,0,2,0.0,0.0,10980,3,7,28.0,1,False,30.08219178082192,32,1,272450_1
21689,28235,2019-09-18 13:30:00,6,6,1015,3.0,3,0,1,0,0,0,1,6,0,0.0,0.0,12340,2,3,40.0,1,True,33.80821917808219,24,1,28235_1
23766,8291,2012-09-30 10:00:00,2,0,1004,3.0,2,1,1,0,0,0,1,5,2,1.87,0.0,10636,4,3,21.0,1,False,29.13972602739726,35,1,8291_1
15483,348144,2022-11-06 04:00:00,7,0,131,3.0,1,1,1,0,0,0,1,3,2,0.0,0.0,10249,2,25,25.0,1,False,28.07945205479452,33,1,348144_1
8568,303427,2021-08-29 11:00:00,29,29,613,3.0,1,0,1,0,0,0,1,4,2,0.0,0.0,11318,1,9,37.0,1,True,31.008219178082197,15,1,303427_1
15767,277906,2022-10-09 06:00:00,5,5,93,3.0,3,0,1,0,0,0,1,7,2,0.0,0.0,11750,3,25,30.0,1,True,32.19178082191781,18,1,277906_1
6068,308967,2022-11-13 08:00:00,1,0,61,3.0,3,1,1,0,0,0,1,9,2,0.0,0.0,11754,1,7,26.0,1,False,32.2027397260274,38,1,308967_1
11494,437316,2022-09-01 14:00:00,8,0,2439,3.0,3,1,1,0,0,0,1,0,2,6.0,0.0,11315,6,25,45.0,1,False,31.0,10,1,437316_1
16667,321777,2019-03-19 16:00:00,3,3,174,3.0,3,0,1,0,0,0,1,5,0,0.0,0.0,10874,5,8,41.0,1,True,29.791780821917808,24,1,321777_1
8627,303427,2019-11-01 10:10:00,29,0,2439,3.0,1,1,1,0,0,0,1,4,2,0.0,0.0,10651,1,15,29.0,1,False,29.18082191780822,23,1,303427_1
18324,604302,2021-07-31 15:00:00,4,4,1986,3.0,1,0,1,0,0,0,1,9,0,0.0,0.0,9434,5,7,62.0,1,True,25.846575342465755,10,1,604302_1
18326,604302,2021-03-07 22:00:00,4,4,1675,3.0,3,0,1,0,0,0,1,9,0,0.0,0.0,9288,5,8,23.0,1,True,25.446575342465756,34,1,604302_1
24983,48472,2009-09-02 13:30:00,8,8,1004,3.0,3,0,1,0,0,0,1,0,2,0.0,0.0,12011,1,5,57.0,1,True,32.90684931506849,13,1,48472_1
15235,55870,2015-09-29 11:00:00,9,9,260,3.0,1,0,1,0,0,0,1,5,0,0.0,0.0,10595,5,7,40.0,1,True,29.02739726027397,24,1,55870_1
25498,19296,2012-02-23 16:00:00,1,0,2439,3.0,3,1,1,0,0,0,1,7,2,6.04,0.0,11563,1,7,33.0,1,False,31.67945205479452,21,1,19296_1
13413,323389,2022-09-11 14:00:00,7,0,2439,3.0,3,1,1,0,0,0,1,9,2,0.0,0.0,11059,1,8,55.0,1,False,30.2986301369863,14,1,323389_1
15484,348144,2021-10-29 14:00:00,7,0,2439,3.0,3,1,1,0,0,0,1,3,2,0.0,0.0,9876,2,40,51.0,1,False,27.057534246575344,13,1,348144_1
17290,431901,2020-01-15 17:00:00,4,4,1131,3.0,1,0,1,0,0,0,1,6,0,0.0,0.0,10246,2,29,53.0,1,True,28.07123287671233,12,1,431901_1
16676,321777,2015-08-16 12:00:00,3,3,902,3.0,1,0,1,0,0,0,1,5,0,0.0,0.0,9563,6,5,29.0,1,True,26.2,23,1,321777_1
24648,56194,2008-04-20 13:00:00,25,7,487,3.0,3,0,1,0,0,0,1,6,0,0.0,0.0,6971,1,7,23.0,1,False,19.0986301369863,34,1,56194_1
7321,303423,2020-03-08 08:30:00,29,0,3203,3.0,1,1,1,0,0,0,1,3,2,0.0,0.0,10663,3,40,46.0,1,False,29.213698630136985,20,1,303423_1
16933,249866,2022-09-30 14:30:00,1,7,545,3.0,3,0,1,0,0,0,1,6,2,6.05,0.0,12323,2,7,27.0,1,False,33.76164383561644,26,1,249866_1
17371,24598,2010-05-10 17:30:00,1,0,1697,3.0,1,1,1,0,0,0,1,5,0,5.09,0.0,8643,5,5,40.0,1,False,23.67945205479452,24,1,24598_1
14993,272450,2021-07-10 23:30:00,2,4,1697,3.0,3,0,1,0,0,0,1,0,2,0.0,0.0,10856,3,4,54.0,1,False,29.742465753424657,11,1,272450_1
22045,25446,2019-10-18 06:00:00,30,0,2569,3.0,1,1,1,0,0,0,1,7,2,5.11,0.0,12970,2,23,38.0,1,False,35.534246575342465,16,1,25446_1
17469,56029,2013-11-06 07:30:00,25,25,2025,3.0,1,0,1,0,0,0,1,9,2,0.0,0.0,9678,4,5,50.0,1,True,26.51506849315069,11,1,56029_1
23926,50710,2014-02-14 11:00:00,8,25,1931,3.0,2,0,1,0,0,0,1,9,0,0.0,0.0,13259,4,25,37.0,1,False,36.32602739726028,15,1,50710_1
22936,24611,2009-06-15 12:30:00,29,0,45,3.0,1,1,1,0,0,0,1,3,0,0.0,0.0,9048,1,7,40.0,1,False,24.78904109589041,24,1,24611_1
25493,19296,2009-11-15 12:30:00,1,3,902,3.0,1,0,1,0,0,0,1,7,2,6.04,0.0,10733,4,3,29.0,1,False,29.405479452054795,23,1,19296_1
17593,422108,2020-12-06 08:10:00,6,2,132,3.0,3,0,1,0,0,0,1,9,2,0.0,0.0,10459,1,2,30.0,1,False,28.654794520547945,18,1,422108_1
26045,44932,2010-10-26 16:00:00,3,0,1965,3.0,3,1,1,0,0,0,1,4,0,0.0,0.0,9691,4,7,41.0,1,False,26.55068493150685,24,1,44932_1
8609,303427,2015-07-17 13:15:00,29,29,974,3.0,1,0,1,0,0,0,1,4,2,0.0,0.0,9083,2,19,34.0,1,True,24.88493150684932,19,1,303427_1
16163,219889,2019-11-01 08:10:00,2,2,61,3.0,3,0,1,0,0,0,1,6,0,1.7,0.0,12058,2,8,57.0,1,True,33.035616438356165,13,1,219889_1
11494,437316,2022-09-01 14:00:00,8,0,2439,3.0,3,1,1,0,0,0,1,0,2,6.0,0.0,11315,6,25,45.0,1,False,31.0,10,1,437316_1
8628,303427,2017-03-12 08:30:00,29,0,3203,3.0,1,1,1,0,0,0,1,4,2,0.0,0.0,9687,1,40,49.0,1,False,26.53972602739726,11,1,303427_1
8601,303427,2022-02-21 06:00:00,29,0,3389,3.0,1,1,1,0,0,0,1,4,2,0.0,0.0,11494,1,35,34.0,1,False,31.49041095890411,19,1,303427_1
9816,536936,2021-10-29 10:00:00,25,0,848,3.0,1,1,1,0,0,0,1,9,2,0.0,0.0,9878,3,4,44.0,1,False,27.063013698630137,14,1,536936_1
14154,524049,2015-07-25 09:00:00,40,0,613,3.0,1,1,1,0,0,0,1,5,0,0.0,0.0,8182,6,37,44.0,1,False,22.416438356164385,14,1,524049_1
16417,419873,2013-03-04 16:00:00,40,0,848,3.0,3,1,1,0,0,0,1,9,2,5.03,0.0,9550,3,30,46.0,1,False,26.164383561643834,20,1,419873_1
13089,512191,2021-10-29 14:00:00,7,0,2439,3.0,3,1,1,0,0,0,1,6,0,0.0,0.0,11525,3,40,30.0,1,False,31.575342465753423,18,1,512191_1
14154,524049,2015-07-25 09:00:00,40,0,613,3.0,1,1,1,0,0,0,1,5,0,0.0,0.0,8182,6,37,44.0,1,False,22.416438356164385,14,1,524049_1
4785,350629,2015-07-15 13:15:00,19,0,1409,3.0,1,1,1,0,0,0,1,0,2,0.0,0.0,8407,3,32,25.0,1,False,23.03287671232877,33,1,350629_1
22105,320652,2014-03-20 09:30:00,40,0,1931,3.0,2,1,1,0,0,0,1,5,2,0.0,0.0,9581,7,32,49.0,1,False,26.24931506849315,11,1,320652_1
8085,820351,2018-08-05 00:00:00,4,0,2405,3.0,3,1,1,0,0,0,1,5,2,0.0,0.0,9144,6,25,43.0,1,False,25.052054794520547,21,1,820351_1
18282,1233053,2022-06-26 07:00:00,114,114,3548,3.0,1,0,1,0,0,0,1,8,2,0.0,0.0,8861,2,5615,20.0,1,True,24.27671232876712,49,1,1233053_1
4778,350629,2019-10-27 06:00:00,19,0,2714,3.0,1,1,1,0,0,0,1,0,2,0.0,0.0,9972,1,173,21.0,1,False,27.32054794520548,35,1,350629_1
21377,55608,2016-01-17 09:00:00,9,25,1930,3.0,1,0,1,0,0,0,1,7,2,0.0,0.0,11849,2,25,30.0,1,False,32.463013698630135,18,1,55608_1
15465,671805,2015-07-09 09:00:00,30,30,237,3.0,1,0,1,0,0,0,1,6,0,0.0,0.0,8173,1,27,62.0,1,True,22.39178082191781,10,1,671805_1
18276,1233053,2021-10-24 08:00:00,114,0,1870,3.0,1,1,1,0,0,0,1,8,2,0.0,0.0,8616,2,18,62.0,1,False,23.605479452054794,10,1,1233053_1
9144,348034,2022-08-15 14:30:00,29,29,1409,3.0,1,0,1,0,0,0,1,0,2,0.0,0.0,10981,5,40,41.0,1,True,30.084931506849315,24,1,348034_1
14993,272450,2021-07-10 23:30:00,2,4,1697,3.0,3,0,1,0,0,0,1,0,2,0.0,0.0,10856,3,4,54.0,1,False,29.742465753424657,11,1,272450_1
15484,348144,2021-10-29 14:00:00,7,0,2439,3.0,3,1,1,0,0,0,1,3,2,0.0,0.0,9876,2,40,51.0,1,False,27.057534246575344,13,1,348144_1
23591,42639,2012-02-25 16:00:00,7,0,2439,3.0,3,1,1,0,0,0,1,0,2,0.0,0.0,11683,7,1,25.0,1,False,32.00821917808219,33,1,42639_1
21383,55608,2015-07-17 11:00:00,9,9,260,3.0,1,0,1,0,0,0,1,7,2,0.0,0.0,11665,1,6,28.0,1,True,31.95890410958904,32,1,55608_1
14150,524049,2019-02-21 13:00:00,40,0,3416,3.0,1,1,1,0,0,0,1,5,0,0.0,0.0,9489,7,29,40.0,1,False,25.997260273972604,24,1,524049_1
23939,50710,2012-09-29 14:00:00,8,8,2503,3.0,3,0,1,0,0,0,1,9,0,0.0,0.0,12756,3,4,39.0,1,True,34.94794520547945,30,1,50710_1
21249,24609,2018-08-20 15:00:00,29,29,1801,3.0,2,0,1,0,0,0,1,9,2,5.1,0.0,11884,5,40,34.0,1,True,32.558904109589044,19,1,24609_1
209,25913,2018-06-05 14:30:00,40,0,3416,3.0,3,1,1,0,0,0,1,0,2,0.0,0.0,12208,5,25,31.0,1,False,33.44657534246576,24,1,25913_1
11962,230559,2015-11-09 13:30:00,4,8,2503,3.0,3,0,1,0,0,0,1,4,2,0.0,0.0,10408,6,8,26.0,1,False,28.51506849315069,38,1,230559_1
8570,303427,2021-08-27 11:00:00,29,29,613,3.0,1,0,1,0,0,0,1,4,2,0.0,0.0,11316,1,9,24.0,1,True,31.0027397260274,37,1,303427_1
21600,470699,2015-07-25 13:15:00,15,29,974,3.0,1,0,1,0,0,0,1,5,0,0.0,0.0,8566,3,29,43.0,1,False,23.46849315068493,21,1,470699_1
7390,961407,2019-10-05 09:30:00,29,0,3389,3.0,1,1,1,0,0,0,1,5,2,0.0,0.0,7243,5,15,47.0,1,False,19.843835616438355,17,1,961407_1
8586,303427,2022-08-05 17:30:00,29,0,176,3.0,2,1,1,0,0,0,1,4,2,0.0,0.0,11659,1,3,28.0,1,False,31.942465753424656,32,1,303427_1
21685,28235,2019-02-08 06:00:00,6,5,283,3.0,3,0,1,0,0,0,1,6,0,0.0,0.0,12118,2,5,30.0,1,False,33.2,18,1,28235_1
19634,24605,2009-06-15 12:30:00,29,0,45,3.0,1,1,1,0,0,0,1,4,2,0.0,0.0,9234,4,7,26.0,1,False,25.2986301369863,38,1,24605_1
131,25913,2019-02-21 13:00:00,40,0,3416,3.0,1,1,1,0,0,0,1,0,2,0.0,0.0,12469,5,29,49.0,1,False,34.16164383561644,11,1,25913_1
21381,55608,2007-09-12 16:00:00,9,0,174,3.0,3,1,1,0,0,0,1,7,2,0.0,0.0,8800,6,2,27.0,1,False,24.10958904109589,26,1,55608_1
4761,350629,2020-02-24 06:00:00,19,16,2072,3.0,1,0,1,0,0,0,1,0,2,0.0,0.0,10092,2,16,28.0,1,False,27.649315068493152,32,1,350629_1
21601,470699,2015-07-09 13:15:00,15,0,237,3.0,1,1,1,0,0,0,1,5,0,0.0,0.0,8550,3,40,36.0,1,False,23.42465753424657,11,1,470699_1
8567,303427,2012-07-20 16:00:00,29,29,1409,3.0,1,0,1,0,0,0,1,4,2,0.0,0.0,7991,2,25,26.0,1,True,21.893150684931506,38,1,303427_1
9815,536936,2022-10-27 03:00:00,25,0,132,3.0,2,1,1,0,0,0,1,9,2,0.0,0.0,10241,3,3,34.0,1,False,28.057534246575344,19,1,536936_1
20323,53116,2021-06-29 18:00:00,4,4,1131,3.0,1,0,1,0,0,0,1,7,2,0.0,0.0,13304,2,3,22.0,1,True,36.44931506849315,46,1,53116_1
15499,348144,2017-04-02 16:30:00,7,4,208,3.0,1,0,1,0,0,0,1,3,2,0.0,0.0,8205,3,4,38.0,1,False,22.47945205479452,16,1,348144_1
15509,348144,2021-07-18 13:30:00,7,1,179,3.0,1,0,1,0,0,0,1,3,2,0.0,0.0,9773,2,1,22.0,1,False,26.775342465753425,46,1,348144_1
17474,56029,2012-07-25 14:00:00,25,15,2536,3.0,1,0,1,0,0,0,1,9,2,0.0,0.0,9209,4,15,37.0,1,False,25.23013698630137,15,1,56029_1
12096,5334,2014-11-09 08:35:00,2,2,1803,3.0,3,0,1,0,0,0,1,7,2,1.74,0.0,10219,2,3,33.0,1,True,27.997260273972604,21,1,5334_1
13879,42657,2017-03-26 16:30:00,7,4,199,3.0,1,0,1,0,0,0,1,0,2,0.0,0.0,12837,5,4,38.0,1,False,35.16986301369863,16,1,42657_1
21223,24609,2016-02-06 04:00:00,29,0,2177,3.0,1,1,1,0,0,0,1,9,2,5.1,0.0,10958,4,20,45.0,1,False,30.02191780821918,10,1,24609_1
12084,5334,2020-09-04 17:00:00,2,1,1184,3.0,3,0,1,0,0,0,1,7,2,1.74,0.0,12345,2,1,46.0,1,False,33.821917808219176,20,1,5334_1
16149,219889,2011-08-06 13:30:00,2,8,2503,3.0,3,0,1,0,0,0,1,6,0,1.7,0.0,9049,2,8,53.0,1,False,24.791780821917808,12,1,219889_1
15768,277906,2016-01-10 02:00:00,5,5,283,3.0,1,0,1,0,0,0,1,7,2,0.0,0.0,9286,2,8,32.0,1,True,25.44109589041096,19,1,277906_1
18351,604302,2019-12-08 13:30:00,4,6,3400,3.0,3,0,1,0,0,0,1,9,0,0.0,0.0,8833,4,6,38.0,1,False,24.2,16,1,604302_1
18343,604302,2022-02-18 13:30:00,4,6,292,3.0,3,0,1,0,0,0,1,9,0,0.0,0.0,9636,3,6,62.0,1,False,26.4,10,1,604302_1
12339,325026,2013-08-31 13:30:00,2,1,1039,3.0,1,0,1,0,0,0,1,4,2,0.0,0.0,9087,6,1,27.0,1,False,24.895890410958906,26,1,325026_1
22353,38699,2020-02-02 07:00:00,5,5,2524,3.0,3,0,1,0,0,0,1,5,2,0.0,0.0,13114,5,6,53.0,1,True,35.92876712328767,12,1,38699_1
21391,55608,2013-03-03 18:00:00,9,4,1985,3.0,1,0,1,0,0,0,1,7,2,0.0,0.0,10799,3,4,53.0,1,False,29.58630136986301,12,1,55608_1
22364,38699,2014-07-06 18:00:00,5,4,629,3.0,1,0,1,0,0,0,1,5,2,0.0,0.0,11077,4,4,21.0,1,False,30.34794520547945,35,1,38699_1
15465,671805,2015-07-09 09:00:00,30,30,237,3.0,1,0,1,0,0,0,1,6,0,0.0,0.0,8173,1,27,62.0,1,True,22.39178082191781,10,1,671805_1
21105,643197,2019-10-22 10:10:00,15,0,2569,3.0,1,1,1,0,0,0,1,6,2,0.0,0.0,9363,1,23,35.0,1,False,25.65205479452055,21,1,643197_1
21810,41434,2007-09-22 11:00:00,7,0,174,3.0,1,1,1,0,0,0,1,0,2,0.0,0.0,9836,1,5,32.0,1,False,26.947945205479453,19,1,41434_1
6595,236489,2019-11-03 01:00:00,1,5,1166,3.0,1,0,1,0,0,0,1,7,0,6.0,0.0,11749,2,5,39.0,1,False,32.18904109589041,30,1,236489_1
11944,230559,2019-12-11 13:30:00,4,6,713,3.0,3,0,1,0,0,0,1,4,2,0.0,0.0,11901,5,6,68.0,1,False,32.605479452054794,11,1,230559_1
17609,34102,2019-02-08 06:00:00,6,5,283,3.0,3,0,1,0,0,0,1,7,2,0.0,0.0,11607,1,5,50.0,1,False,31.8,11,1,34102_1
23943,50710,2013-08-04 13:30:00,8,8,2502,3.0,3,0,1,0,0,0,1,9,0,0.0,0.0,13065,4,3,39.0,1,True,35.794520547945204,30,1,50710_1
22105,320652,2014-03-20 09:30:00,40,0,1931,3.0,2,1,1,0,0,0,1,5,2,0.0,0.0,9581,7,32,49.0,1,False,26.24931506849315,11,1,320652_1
19650,24605,2021-10-07 05:00:00,29,27,2569,3.0,1,0,1,0,0,0,1,4,2,0.0,0.0,13731,2,27,46.0,1,False,37.61917808219178,20,1,24605_1
5443,307756,2020-02-23 09:30:00,37,37,3389,3.0,1,0,1,0,0,0,1,3,2,0.0,0.0,11312,2,108,35.0,1,True,30.991780821917807,21,1,307756_1
8077,820351,2022-08-12 18:30:00,4,4,200,3.0,1,0,1,0,0,0,1,5,2,0.0,0.0,10612,7,5,21.0,1,True,29.07397260273973,35,1,820351_1
7306,303423,2021-07-24 15:00:00,29,29,1409,3.0,1,0,1,0,0,0,1,3,2,0.0,0.0,11166,3,3,27.0,1,True,30.59178082191781,26,1,303423_1
9816,536936,2021-10-29 10:00:00,25,0,848,3.0,1,1,1,0,0,0,1,9,2,0.0,0.0,9878,3,4,44.0,1,False,27.063013698630137,14,1,536936_1
12324,325026,2018-02-21 06:00:00,2,5,283,3.0,3,0,1,0,9,0,1,4,2,0.0,0.0,10722,4,5,20.0,1,False,29.375342465753423,49,1,325026_1
15518,348144,2022-11-09 08:00:00,7,0,132,3.0,3,1,1,0,0,0,1,3,2,0.0,0.0,10252,2,5,53.0,1,False,28.087671232876712,12,1,348144_1
15518,348144,2022-11-09 08:00:00,7,0,132,3.0,3,1,1,0,0,0,1,3,2,0.0,0.0,10252,2,5,53.0,1,False,28.087671232876712,12,1,348144_1
26011,44932,2012-09-08 13:30:00,3,1,1039,3.0,1,0,1,0,0,0,1,4,0,0.0,0.0,10374,5,1,47.0,1,False,28.421917808219177,17,1,44932_1
17025,436677,2017-10-26 16:00:00,25,3,949,3.0,3,0,1,0,0,0,1,5,0,5.1,0.0,9009,2,3,47.0,1,False,24.68219178082192,17,1,436677_1
13403,323389,2021-02-14 13:00:00,7,7,545,3.0,3,0,1,0,0,0,1,9,2,0.0,0.0,10485,1,3,42.0,1,True,28.726027397260275,21,1,323389_1
15477,671805,2021-10-25 14:00:00,30,0,848,3.0,3,1,1,0,0,0,1,6,0,0.0,0.0,10473,1,40,25.0,1,False,28.693150684931503,33,1,671805_1
6598,236489,2022-09-20 14:30:00,1,7,487,3.0,3,0,1,0,0,0,1,7,0,6.0,0.0,12801,3,7,20.0,1,False,35.07123287671233,49,1,236489_1
14154,524049,2015-07-25 09:00:00,40,0,613,3.0,1,1,1,0,0,0,1,5,0,0.0,0.0,8182,6,37,44.0,1,False,22.416438356164385,14,1,524049_1
9814,536936,2022-11-02 08:00:00,25,0,131,3.0,3,1,1,0,9,0,1,9,2,0.0,0.0,10247,2,6,60.0,1,False,28.07397260273973,11,1,536936_1
9816,536936,2021-10-29 10:00:00,25,0,848,3.0,1,1,1,0,0,0,1,9,2,0.0,0.0,9878,3,4,44.0,1,False,27.063013698630137,14,1,536936_1
15766,277906,2022-11-01 08:00:00,5,0,209,3.0,3,1,1,0,0,0,1,7,2,0.0,0.0,11773,3,1,40.0,1,False,32.25479452054795,24,1,277906_1
8355,56143,2022-07-03 17:30:00,25,4,629,3.0,1,0,1,0,0,0,1,0,0,0.0,0.0,12885,3,4,68.0,1,False,35.3013698630137,11,1,56143_1
17329,24598,2012-09-29 10:00:00,1,0,2503,3.0,2,1,1,0,0,0,1,5,0,5.09,0.0,9516,4,5,30.0,1,False,26.07123287671233,18,1,24598_1
8593,303427,2019-10-05 09:30:00,29,0,3389,3.0,1,1,1,0,0,0,1,4,2,0.0,0.0,10624,1,15,23.0,1,False,29.10684931506849,34,1,303427_1
22944,24611,2009-06-08 12:30:00,29,0,34,3.0,1,1,1,0,0,0,1,3,0,0.0,0.0,9041,2,25,23.0,1,False,24.76986301369863,34,1,24611_1
24960,48472,2010-05-09 18:00:00,8,0,199,3.0,1,1,1,0,0,0,1,0,2,0.0,0.0,12260,4,2,20.0,1,False,33.58904109589041,49,1,48472_1
11944,230559,2019-12-11 13:30:00,4,6,713,3.0,3,0,1,0,0,0,1,4,2,0.0,0.0,11901,5,6,68.0,1,False,32.605479452054794,11,1,230559_1
21598,470699,2019-08-03 14:00:00,15,15,1122,3.0,1,0,1,0,0,0,1,5,0,0.0,0.0,10036,3,27,31.0,1,True,27.495890410958904,24,1,470699_1
13867,42657,2012-12-25 13:30:00,7,6,683,3.0,3,0,1,0,0,0,1,0,2,0.0,0.0,11285,5,6,57.0,1,False,30.91780821917808,13,1,42657_1
21385,55608,2007-09-13 12:00:00,9,0,174,3.0,1,1,1,0,0,0,1,7,2,0.0,0.0,8801,7,1,27.0,1,False,24.112328767123287,26,1,55608_1
18690,417268,2015-07-25 09:00:00,30,0,974,3.0,1,1,1,0,0,0,1,9,2,0.0,0.0,8318,3,19,39.0,1,False,22.78904109589041,30,1,417268_1
21377,55608,2016-01-17 09:00:00,9,25,1930,3.0,1,0,1,0,0,0,1,7,2,0.0,0.0,11849,2,25,30.0,1,False,32.463013698630135,18,1,55608_1
6079,308967,2021-07-20 17:30:00,1,1,75,3.0,3,0,1,0,0,0,1,9,2,0.0,0.0,11273,2,7,21.0,1,True,30.88493150684932,35,1,308967_1
22353,38699,2020-02-02 07:00:00,5,5,2524,3.0,3,0,1,0,0,0,1,5,2,0.0,0.0,13114,5,6,53.0,1,True,35.92876712328767,12,1,38699_1
20334,233514,2016-01-07 02:00:00,8,5,2524,3.0,1,0,1,0,0,0,1,2,0,6.01,0.0,9775,7,5,28.0,1,False,26.78082191780822,32,1,233514_1
13413,323389,2022-09-11 14:00:00,7,0,2439,3.0,3,1,1,0,0,0,1,9,2,0.0,0.0,11059,1,8,55.0,1,False,30.2986301369863,14,1,323389_1
18671,417268,2021-09-17 13:00:00,30,30,237,3.0,1,0,1,0,0,0,1,9,2,0.0,0.0,10564,6,9,42.0,1,True,28.942465753424656,21,1,417268_1
6003,297433,2018-07-06 16:30:00,1,1,644,3.0,2,0,1,0,0,0,1,9,2,0.0,0.0,10510,6,6,28.0,1,True,28.794520547945204,32,1,297433_1
23731,8180,2010-02-23 07:35:00,2,2,132,3.0,3,0,1,0,0,0,1,0,2,1.83,0.0,10478,1,4,62.0,1,True,28.70684931506849,10,1,8180_1
24980,48472,2010-10-31 09:35:00,8,2,213,3.0,2,0,1,0,0,0,1,0,2,0.0,0.0,12435,2,2,41.0,1,False,34.06849315068493,24,1,48472_1
23731,8180,2010-02-23 07:35:00,2,2,132,3.0,3,0,1,0,0,0,1,0,2,1.83,0.0,10478,1,4,62.0,1,True,28.70684931506849,10,1,8180_1
13087,512191,2018-07-04 08:00:00,7,9,260,3.0,1,0,1,0,0,0,1,6,0,0.0,0.0,10312,1,9,47.0,1,False,28.252054794520543,17,1,512191_1
23748,8180,2012-09-19 10:00:00,2,0,1004,3.0,2,1,1,0,0,0,1,0,2,1.83,0.0,11417,2,29,51.0,1,False,31.27945205479452,13,1,8180_1
17593,422108,2020-12-06 08:10:00,6,2,132,3.0,3,0,1,0,0,0,1,9,2,0.0,0.0,10459,1,2,30.0,1,False,28.654794520547945,18,1,422108_1
16997,436677,2022-10-12 02:00:00,25,5,93,3.0,1,0,1,0,0,0,1,5,0,5.1,0.0,10821,3,5,23.0,1,False,29.646575342465752,34,1,436677_1
6575,236489,2021-03-20 13:30:00,1,6,840,3.0,3,0,1,0,0,0,1,7,0,6.0,0.0,12252,3,6,68.0,1,False,33.56712328767123,11,1,236489_1
13410,323389,2022-11-09 08:00:00,7,0,132,3.0,3,1,1,0,0,0,1,9,2,0.0,0.0,11118,1,5,57.0,1,False,30.46027397260274,13,1,323389_1
22055,25446,2015-07-25 09:00:00,30,0,974,3.0,1,1,1,0,0,0,1,7,2,5.11,0.0,11424,1,19,33.0,1,False,31.2986301369863,21,1,25446_1
13083,512191,2018-04-03 14:30:00,7,7,487,3.0,1,0,1,0,0,0,1,6,0,0.0,0.0,10220,1,4,40.0,1,True,28.0,24,1,512191_1
7301,303423,2022-06-28 15:30:00,29,29,974,3.0,1,0,1,0,0,0,1,3,2,0.0,0.0,11505,2,6,60.0,1,True,31.52054794520548,11,1,303423_1
24644,56194,2018-02-18 11:00:00,25,25,1564,3.0,3,0,1,0,0,0,1,6,0,0.0,0.0,10562,1,8,29.0,1,True,28.936986301369863,23,1,56194_1
21609,470699,2017-01-18 15:00:00,15,0,2439,3.0,3,1,1,0,0,0,1,5,0,0.0,0.0,9109,3,19,22.0,1,False,24.95616438356164,46,1,470699_1
13410,323389,2022-11-09 08:00:00,7,0,132,3.0,3,1,1,0,0,0,1,9,2,0.0,0.0,11118,1,5,57.0,1,False,30.46027397260274,13,1,323389_1
11538,437316,2022-10-29 08:00:00,8,0,132,3.0,3,1,1,0,0,0,1,0,2,6.0,0.0,11373,7,5,35.0,1,False,31.15890410958904,21,1,437316_1
21601,470699,2015-07-09 13:15:00,15,0,237,3.0,1,1,1,0,0,0,1,5,0,0.0,0.0,8550,3,40,36.0,1,False,23.42465753424657,11,1,470699_1
18615,25490,2021-11-07 14:00:00,30,0,848,3.0,3,1,1,0,0,0,1,7,2,0.0,0.0,12637,4,7,54.0,1,False,34.62191780821918,11,1,25490_1
12070,5334,2018-07-02 08:00:00,2,0,260,3.0,1,1,1,0,0,0,1,7,2,1.74,0.0,11550,2,7,68.0,1,False,31.64383561643836,11,1,5334_1
22940,24611,2018-08-22 15:00:00,29,29,1801,3.0,2,0,1,0,0,0,1,3,0,0.0,0.0,12403,3,40,33.0,1,True,33.98082191780822,21,1,24611_1
13341,226492,2010-12-26 01:00:00,5,5,283,3.0,1,0,1,0,0,0,1,6,2,0.0,0.0,8853,2,7,54.0,1,True,24.254794520547943,11,1,226492_1
24623,56194,2008-11-05 16:00:00,25,3,508,3.0,3,0,1,0,1,0,1,6,0,0.0,0.0,7170,1,3,25.0,1,False,19.64383561643836,33,1,56194_1
22042,25446,2015-06-20 14:30:00,30,29,1801,3.0,1,0,1,0,0,0,1,7,2,5.11,0.0,11389,2,29,34.0,1,False,31.2027397260274,19,1,25446_1
16937,249866,2019-03-10 20:00:00,1,4,576,3.0,2,0,1,0,0,0,1,6,2,6.05,0.0,11023,1,4,20.0,1,False,30.2,49,1,249866_1
16416,419873,2017-03-08 08:30:00,40,0,3203,3.0,1,1,1,0,0,0,1,9,2,5.03,0.0,11015,1,29,47.0,1,False,30.17808219178082,17,1,419873_1
11496,437316,2018-02-15 11:00:00,8,25,2025,3.0,3,0,1,0,0,0,1,0,2,6.0,0.0,9656,4,25,42.0,1,False,26.454794520547942,21,1,437316_1
17300,431901,2021-03-07 22:00:00,4,4,1675,3.0,3,0,1,0,0,0,1,6,0,0.0,0.0,10663,2,8,21.0,1,True,29.213698630136985,35,1,431901_1
16413,419873,2015-10-26 11:00:00,40,9,261,3.0,1,0,1,0,0,0,1,9,2,5.03,0.0,10516,1,9,34.0,1,False,28.81095890410959,19,1,419873_1
18281,1233053,2022-07-27 13:00:00,114,0,3602,3.0,1,1,1,0,0,0,1,8,2,0.0,0.0,8892,2,197,55.0,1,False,24.36164383561644,14,1,1233053_1
8571,303427,2022-02-12 10:00:00,29,37,3389,3.0,1,0,1,0,0,0,1,4,2,0.0,0.0,11485,1,37,51.0,1,False,31.46575342465753,13,1,303427_1
21844,41434,2020-11-07 10:30:00,7,7,1001,3.0,2,0,1,0,0,0,1,0,2,0.0,0.0,14631,4,9,36.0,1,True,40.08493150684932,11,1,41434_1
12057,5334,2022-04-05 15:30:00,2,7,545,3.0,3,0,1,0,0,0,1,7,2,1.74,0.0,12923,2,7,55.0,1,False,35.40547945205479,14,1,5334_1
17662,253802,2012-02-03 08:35:00,6,2,61,3.0,3,0,1,0,0,0,1,7,2,0.0,0.0,8490,3,2,31.0,1,False,23.26027397260274,24,1,253802_1
13341,226492,2010-12-26 01:00:00,5,5,283,3.0,1,0,1,0,0,0,1,6,2,0.0,0.0,8853,2,7,54.0,1,True,24.254794520547943,11,1,226492_1
24633,56194,2018-03-16 13:30:00,25,8,1004,3.0,3,0,1,0,0,0,1,6,0,0.0,0.0,10588,1,8,50.0,1,False,29.008219178082197,11,1,56194_1
13305,226492,2020-01-29 07:00:00,5,5,504,3.0,3,0,1,0,0,0,1,6,2,0.0,0.0,12174,1,6,31.0,1,True,33.35342465753425,24,1,226492_1
17363,24598,2014-02-02 08:35:00,1,2,1803,3.0,3,0,1,0,0,0,1,5,0,5.09,0.0,10007,5,2,34.0,1,False,27.416438356164385,19,1,24598_1
14143,524049,2022-06-11 11:00:00,40,9,260,3.0,1,0,1,0,0,0,1,5,0,0.0,0.0,10695,5,9,44.0,1,False,29.301369863013697,14,1,524049_1
15764,277906,2012-02-14 06:00:00,5,5,504,3.0,3,0,1,0,0,0,1,7,2,0.0,0.0,7860,7,9,20.0,1,True,21.534246575342465,49,1,277906_1
8601,303427,2022-02-21 06:00:00,29,0,3389,3.0,1,1,1,0,0,0,1,4,2,0.0,0.0,11494,1,35,34.0,1,False,31.49041095890411,19,1,303427_1
18267,1233053,2022-06-24 14:00:00,114,114,3548,3.0,1,0,1,0,0,0,1,8,2,0.0,0.0,8859,2,5615,43.0,1,True,24.27123287671233,21,1,1233053_1
6047,308967,2021-03-12 13:30:00,1,6,840,3.0,3,0,1,0,0,0,1,9,2,0.0,0.0,11143,2,6,28.0,1,False,30.528767123287672,32,1,308967_1
7329,303423,2021-07-19 15:00:00,29,29,974,3.0,1,0,1,0,0,0,1,3,2,0.0,0.0,11161,3,3,22.0,1,True,30.578082191780823,46,1,303423_1
18344,604302,2022-01-29 20:00:00,4,4,199,3.0,2,0,1,0,0,0,1,9,0,0.0,0.0,9616,3,1,22.0,1,True,26.34520547945205,46,1,604302_1
22363,38699,2018-01-22 03:00:00,5,5,1166,3.0,2,0,1,0,0,0,1,5,2,0.0,0.0,12373,5,7,22.0,1,True,33.8986301369863,46,1,38699_1
21998,28081,2019-02-06 07:00:00,6,5,1166,3.0,3,0,1,0,0,0,1,9,2,0.0,0.0,13728,5,5,39.0,1,False,37.61095890410959,30,1,28081_1
21847,41434,2013-12-08 16:00:00,7,0,848,3.0,3,1,1,0,0,0,1,0,2,0.0,0.0,12105,3,40,42.0,1,False,33.16438356164384,21,1,41434_1
16168,219889,2019-10-30 08:10:00,2,2,209,3.0,3,0,1,0,0,0,1,6,0,1.7,0.0,12056,1,8,60.0,1,True,33.03013698630137,11,1,219889_1
16163,219889,2019-11-01 08:10:00,2,2,61,3.0,3,0,1,0,0,0,1,6,0,1.7,0.0,12058,2,8,57.0,1,True,33.035616438356165,13,1,219889_1
24630,56194,2016-01-15 09:00:00,25,25,1930,3.0,1,0,1,0,0,0,1,6,0,0.0,0.0,9797,1,9,29.0,1,True,26.84109589041096,23,1,56194_1
7304,303423,2019-10-05 09:30:00,29,0,3389,3.0,1,1,1,0,0,0,1,3,2,0.0,0.0,10508,3,15,32.0,1,False,28.78904109589041,19,1,303423_1
6044,308967,2014-01-29 08:35:00,1,2,905,3.0,3,0,1,0,0,0,1,9,2,0.0,0.0,8544,6,2,20.0,1,False,23.40821917808219,49,1,308967_1
7301,303423,2022-06-28 15:30:00,29,29,974,3.0,1,0,1,0,0,0,1,3,2,0.0,0.0,11505,2,6,60.0,1,True,31.52054794520548,11,1,303423_1
22045,25446,2019-10-18 06:00:00,30,0,2569,3.0,1,1,1,0,0,0,1,7,2,5.11,0.0,12970,2,23,38.0,1,False,35.534246575342465,16,1,25446_1
9817,536936,2022-10-07 02:00:00,25,0,93,3.0,1,1,1,0,0,0,1,9,2,0.0,0.0,10221,3,7,35.0,1,False,28.0027397260274,21,1,536936_1
12048,5334,2021-11-04 10:00:00,2,0,2439,3.0,1,1,1,0,0,0,1,7,2,1.74,0.0,12771,2,25,40.0,1,False,34.989041095890414,24,1,5334_1
21678,28235,2020-01-07 13:30:00,6,6,1055,3.0,3,0,1,0,0,0,1,6,0,0.0,0.0,12451,2,8,32.0,1,True,34.11232876712329,19,1,28235_1
22378,38699,2009-02-27 06:00:00,5,5,1166,3.0,3,0,1,0,0,0,1,5,2,0.0,0.0,9122,4,6,27.0,1,True,24.991780821917807,26,1,38699_1
19615,24605,2019-10-06 05:30:00,29,37,3389,3.0,1,0,1,0,0,0,1,4,2,0.0,0.0,12999,2,37,39.0,1,False,35.61369863013699,30,1,24605_1
18684,417268,2015-07-12 13:15:00,30,30,237,3.0,1,0,1,0,0,0,1,9,2,0.0,0.0,8305,4,40,37.0,1,True,22.753424657534246,15,1,417268_1
21249,24609,2018-08-20 15:00:00,29,29,1801,3.0,2,0,1,0,0,0,1,9,2,5.1,0.0,11884,5,40,34.0,1,True,32.558904109589044,19,1,24609_1
11530,437316,2022-09-06 14:00:00,8,0,2439,3.0,3,1,1,0,0,0,1,0,2,6.0,0.0,11320,6,6,33.0,1,False,31.013698630136982,21,1,437316_1
10847,233400,2022-08-25 06:00:00,32,26,700,3.0,1,0,1,0,0,0,1,7,2,0.0,0.0,11666,3,26,23.0,1,False,31.96164383561644,34,1,233400_1
17482,56029,2018-06-07 14:30:00,25,0,3416,3.0,3,1,1,0,0,0,1,9,2,0.0,0.0,11352,4,40,46.0,1,False,31.101369863013694,20,1,56029_1
23639,42639,2010-05-02 17:30:00,7,0,1697,3.0,1,1,1,0,0,0,1,0,2,0.0,0.0,11019,6,2,33.0,1,False,30.18904109589041,21,1,42639_1
16162,219889,2021-11-11 14:00:00,2,0,2439,3.0,3,1,1,0,0,0,1,6,0,1.7,0.0,12799,1,7,49.0,1,False,35.06575342465754,11,1,219889_1
20332,233514,2018-10-27 13:30:00,8,8,1004,3.0,3,0,1,0,0,0,1,2,0,6.01,0.0,10799,6,1,57.0,1,True,29.58630136986301,13,1,233514_1
15253,55870,2006-11-28 07:30:00,9,25,1930,3.0,1,0,1,0,0,0,1,5,0,0.0,0.0,7368,5,25,38.0,1,False,20.186301369863013,16,1,55870_1
16423,419873,2014-03-18 09:30:00,40,0,1931,3.0,2,1,1,0,0,0,1,9,2,5.03,0.0,9929,2,19,68.0,1,False,27.2027397260274,11,1,419873_1
23738,8180,2012-09-22 14:00:00,2,0,1004,3.0,3,1,1,0,1,0,1,0,2,1.83,0.0,11420,2,4,41.0,1,False,31.28767123287671,24,1,8180_1
21107,643197,2019-08-03 14:00:00,15,15,1122,3.0,1,0,1,0,0,0,1,6,2,0.0,0.0,9283,2,27,51.0,1,True,25.432876712328767,13,1,643197_1
13330,226492,2012-10-01 10:00:00,5,0,2503,3.0,2,1,1,0,0,0,1,6,2,0.0,0.0,9498,2,4,21.0,1,False,26.02191780821918,35,1,226492_1
20358,233514,2019-01-11 06:00:00,8,5,283,3.0,3,0,1,0,0,0,1,2,0,6.01,0.0,10875,5,5,43.0,1,False,29.794520547945204,21,1,233514_1
12308,325026,2022-10-25 11:00:00,2,2,3404,3.0,3,0,1,0,0,0,1,4,2,0.0,0.0,12429,4,8,23.0,1,True,34.05205479452055,34,1,325026_1
